Track,Position,No,Driver,Team,Starting Grid,Laps,Time/Retired,Points,+1 Pt,Fastest Lap,season,Set Fastest Lap,Fastest Lap Time,Total Time/Gap/Retirement
Bahrain,1,16,Charles Leclerc,Ferrari,1.0,57,1:37:33.584,26.0,Yes,1:34.570,2022,,,
Bahrain,2,55,Carlos Sainz,Ferrari,3.0,57,+5.598,18.0,No,1:35.740,2022,,,
Bahrain,3,44,Lewis Hamilton,Mercedes,5.0,57,+9.675,15.0,No,1:36.228,2022,,,
Bahrain,4,63,George Russell,Mercedes,9.0,57,+11.211,12.0,No,1:36.302,2022,,,
Bahrain,5,20,Kevin Magnussen,Haas Ferrari,7.0,57,+14.754,10.0,No,1:36.623,2022,,,
Bahrain,6,77,Valtteri Bottas,Alfa Romeo Ferrari,6.0,57,+16.119,8.0,No,1:36.599,2022,,,
Bahrain,7,31,Esteban Ocon,Alpine Renault,11.0,57,+19.423,6.0,No,1:37.110,2022,,,
Bahrain,8,22,Yuki Tsunoda,AlphaTauri RBPT,16.0,57,+20.386,4.0,No,1:37.104,2022,,,
Bahrain,9,14,Fernando Alonso,Alpine Renault,8.0,57,+22.390,2.0,No,1:36.733,2022,,,
Bahrain,10,24,Guanyu Zhou,Alfa Romeo Ferrari,15.0,57,+23.064,1.0,No,1:36.685,2022,,,
Bahrain,11,47,Mick Schumacher,Haas Ferrari,12.0,57,+32.574,0.0,No,1:36.956,2022,,,
Bahrain,12,18,Lance Stroll,Aston Martin Aramco Mercedes,19.0,57,+45.873,0.0,No,1:37.146,2022,,,
Bahrain,13,23,Alexander Albon,Williams Mercedes,14.0,57,+53.932,0.0,No,1:37.355,2022,,,
Bahrain,14,3,Daniel Ricciardo,McLaren Mercedes,18.0,57,+54.975,0.0,No,1:37.261,2022,,,
Bahrain,15,4,Lando Norris,McLaren Mercedes,13.0,57,+56.335,0.0,No,1:36.988,2022,,,
Bahrain,16,6,Nicholas Latifi,Williams Mercedes,20.0,57,+61.795,0.0,No,1:38.251,2022,,,
Bahrain,17,27,Nico Hulkenberg,Aston Martin Aramco Mercedes,17.0,57,+63.829,0.0,No,1:38.201,2022,,,
Bahrain,18,11,Sergio Perez,Red Bull Racing RBPT,4.0,56,DNF,0.0,No,1:36.089,2022,,,
Bahrain,19,1,Max Verstappen,Red Bull Racing RBPT,2.0,54,DNF,0.0,No,1:35.440,2022,,,
Bahrain,NC,10,Pierre Gasly,AlphaTauri RBPT,10.0,44,DNF,0.0,No,1:37.324,2022,,,
Saudi Arabia,1,1,Max Verstappen,Red Bull Racing RBPT,4.0,50,1:24:19.293,25.0,No,1:31.772,2022,,,
Saudi Arabia,2,16,Charles Leclerc,Ferrari,2.0,50,+0.549,19.0,Yes,1:31.634,2022,,,
Saudi Arabia,3,55,Carlos Sainz,Ferrari,3.0,50,+8.097,15.0,No,1:31.905,2022,,,
Saudi Arabia,4,11,Sergio Perez,Red Bull Racing RBPT,1.0,50,+10.800,12.0,No,1:32.042,2022,,,
Saudi Arabia,5,63,George Russell,Mercedes,6.0,50,+32.732,10.0,No,1:32.821,2022,,,
Saudi Arabia,6,31,Esteban Ocon,Alpine Renault,5.0,50,+56.017,8.0,No,1:33.103,2022,,,
Saudi Arabia,7,4,Lando Norris,McLaren Mercedes,11.0,50,+56.124,6.0,No,1:32.753,2022,,,
Saudi Arabia,8,10,Pierre Gasly,AlphaTauri RBPT,9.0,50,+62.946,4.0,No,1:33.468,2022,,,
Saudi Arabia,9,20,Kevin Magnussen,Haas Ferrari,10.0,50,+64.308,2.0,No,1:32.779,2022,,,
Saudi Arabia,10,44,Lewis Hamilton,Mercedes,15.0,50,+73.948,1.0,No,1:32.997,2022,,,
Saudi Arabia,11,24,Guanyu Zhou,Alfa Romeo Ferrari,12.0,50,+82.215,0.0,No,1:33.924,2022,,,
Saudi Arabia,12,27,Nico Hulkenberg,Aston Martin Aramco Mercedes,17.0,50,+91.742,0.0,No,1:33.651,2022,,,
Saudi Arabia,13,18,Lance Stroll,Aston Martin Aramco Mercedes,13.0,49,+1 lap,0.0,No,1:34.446,2022,,,
Saudi Arabia,14,23,Alexander Albon,Williams Mercedes,16.0,47,DNF,0.0,No,1:34.368,2022,,,
Saudi Arabia,NC,77,Valtteri Bottas,Alfa Romeo Ferrari,8.0,36,DNF,0.0,No,1:33.979,2022,,,
Saudi Arabia,NC,14,Fernando Alonso,Alpine Renault,7.0,35,DNF,0.0,No,1:33.831,2022,,,
Saudi Arabia,NC,3,Daniel Ricciardo,McLaren Mercedes,14.0,35,DNF,0.0,No,1:34.487,2022,,,
Saudi Arabia,NC,6,Nicholas Latifi,Williams Mercedes,18.0,14,DNF,0.0,No,1:37.530,2022,,,
Saudi Arabia,NC,22,Yuki Tsunoda,AlphaTauri RBPT,19.0,0,DNS,0.0,No,,2022,,,
Saudi Arabia,NC,47,Mick Schumacher,Haas Ferrari,20.0,0,DNS,0.0,No,,2022,,,
Australia,1,16,Charles Leclerc,Ferrari,1.0,58,1:27:46.548,26.0,Yes,1:20.260,2022,,,
Australia,2,11,Sergio Perez,Red Bull Racing RBPT,3.0,58,+20.524,18.0,No,1:21.094,2022,,,
Australia,3,63,George Russell,Mercedes,6.0,58,+25.593,15.0,No,1:21.495,2022,,,
Australia,4,44,Lewis Hamilton,Mercedes,5.0,58,+28.543,12.0,No,1:21.886,2022,,,
Australia,5,4,Lando Norris,McLaren Mercedes,4.0,58,+53.303,10.0,No,1:22.248,2022,,,
Australia,6,3,Daniel Ricciardo,McLaren Mercedes,7.0,58,+53.737,8.0,No,1:22.451,2022,,,
Australia,7,31,Esteban Ocon,Alpine Renault,8.0,58,+61.683,6.0,No,1:22.469,2022,,,
Australia,8,77,Valtteri Bottas,Alfa Romeo Ferrari,12.0,58,+68.439,4.0,No,1:21.651,2022,,,
Australia,9,10,Pierre Gasly,AlphaTauri RBPT,11.0,58,+76.221,2.0,No,1:22.731,2022,,,
Australia,10,23,Alexander Albon,Williams Mercedes,20.0,58,+79.382,1.0,No,1:22.589,2022,,,
Australia,11,24,Guanyu Zhou,Alfa Romeo Ferrari,14.0,58,+81.695,0.0,No,1:22.541,2022,,,
Australia,12,18,Lance Stroll,Aston Martin Aramco Mercedes,19.0,58,+88.598,0.0,No,1:23.592,2022,,,
Australia,13,47,Mick Schumacher,Haas Ferrari,15.0,57,+1 lap,0.0,No,1:23.006,2022,,,
Australia,14,20,Kevin Magnussen,Haas Ferrari,16.0,57,+1 lap,0.0,No,1:23.071,2022,,,
Australia,15,22,Yuki Tsunoda,AlphaTauri RBPT,13.0,57,+1 lap,0.0,No,1:23.342,2022,,,
Australia,16,6,Nicholas Latifi,Williams Mercedes,18.0,57,+1 lap,0.0,No,1:23.882,2022,,,
Australia,17,14,Fernando Alonso,Alpine Renault,10.0,57,+1 lap,0.0,No,1:20.846,2022,,,
Australia,NC,1,Max Verstappen,Red Bull Racing RBPT,2.0,38,DNF,0.0,No,1:21.677,2022,,,
Australia,NC,5,Sebastian Vettel,Aston Martin Aramco Mercedes,17.0,22,DNF,0.0,No,1:25.189,2022,,,
Australia,NC,55,Carlos Sainz,Ferrari,9.0,1,DNF,0.0,No,,2022,,,
Emilia Romagna,1,1,Max Verstappen,Red Bull Racing RBPT,1.0,63,1:32:07.986,26.0,Yes,1:18.446,2022,,,
Emilia Romagna,2,11,Sergio Perez,Red Bull Racing RBPT,3.0,63,+16.527,18.0,No,1:18.949,2022,,,
Emilia Romagna,3,4,Lando Norris,McLaren Mercedes,5.0,63,+34.834,15.0,No,1:20.903,2022,,,
Emilia Romagna,4,63,George Russell,Mercedes,11.0,63,+42.506,12.0,No,1:20.962,2022,,,
Emilia Romagna,5,77,Valtteri Bottas,Alfa Romeo Ferrari,7.0,63,+43.181,10.0,No,1:20.758,2022,,,
Emilia Romagna,6,16,Charles Leclerc,Ferrari,2.0,63,+56.072,8.0,No,1:18.574,2022,,,
Emilia Romagna,7,22,Yuki Tsunoda,AlphaTauri RBPT,12.0,63,+61.110,6.0,No,1:20.544,2022,,,
Emilia Romagna,8,5,Sebastian Vettel,Aston Martin Aramco Mercedes,13.0,63,+70.892,4.0,No,1:21.211,2022,,,
Emilia Romagna,9,20,Kevin Magnussen,Haas Ferrari,8.0,63,+75.260,2.0,No,1:21.238,2022,,,
Emilia Romagna,10,18,Lance Stroll,Aston Martin Aramco Mercedes,15.0,62,+1 lap,1.0,No,1:21.750,2022,,,
Emilia Romagna,11,23,Alexander Albon,Williams Mercedes,18.0,62,+1 lap,0.0,No,1:21.757,2022,,,
Emilia Romagna,12,10,Pierre Gasly,AlphaTauri RBPT,17.0,62,+1 lap,0.0,No,1:21.713,2022,,,
Emilia Romagna,13,44,Lewis Hamilton,Mercedes,14.0,62,+1 lap,0.0,No,1:21.419,2022,,,
Emilia Romagna,14,31,Esteban Ocon,Alpine Renault,16.0,62,+1 lap,0.0,No,1:21.887,2022,,,
Emilia Romagna,15,24,Guanyu Zhou,Alfa Romeo Ferrari,20.0,62,+1 lap,0.0,No,1:21.286,2022,,,
Emilia Romagna,16,6,Nicholas Latifi,Williams Mercedes,19.0,62,+1 lap,0.0,No,1:21.338,2022,,,
Emilia Romagna,17,47,Mick Schumacher,Haas Ferrari,10.0,62,+1 lap,0.0,No,1:18.999,2022,,,
Emilia Romagna,18,3,Daniel Ricciardo,McLaren Mercedes,6.0,62,+1 lap,0.0,No,1:21.577,2022,,,
Emilia Romagna,NC,14,Fernando Alonso,Alpine Renault,9.0,6,DNF,0.0,No,1:39.685,2022,,,
Emilia Romagna,NC,55,Carlos Sainz,Ferrari,4.0,0,DNF,0.0,No,,2022,,,
Miami,1,1,Max Verstappen,Red Bull Racing RBPT,3.0,57,1:34:24.258,26.0,Yes,1:31.361,2022,,,
Miami,2,16,Charles Leclerc,Ferrari,1.0,57,+3.786,18.0,No,1:31.488,2022,,,
Miami,3,55,Carlos Sainz,Ferrari,2.0,57,+8.229,15.0,No,1:31.790,2022,,,
Miami,4,11,Sergio Perez,Red Bull Racing RBPT,4.0,57,+10.638,12.0,No,1:31.819,2022,,,
Miami,5,63,George Russell,Mercedes,12.0,57,+18.582,10.0,No,1:32.195,2022,,,
Miami,6,44,Lewis Hamilton,Mercedes,6.0,57,+21.368,8.0,No,1:32.941,2022,,,
Miami,7,77,Valtteri Bottas,Alfa Romeo Ferrari,5.0,57,+25.073,6.0,No,1:33.184,2022,,,
Miami,8,31,Esteban Ocon,Alpine Renault,20.0,57,+28.386,4.0,No,1:33.163,2022,,,
Miami,9,23,Alexander Albon,Williams Mercedes,18.0,57,+32.365,2.0,No,1:33.447,2022,,,
Miami,10,18,Lance Stroll,Aston Martin Aramco Mercedes,10.0,57,+37.026,1.0,No,1:33.312,2022,,,
Miami,11,14,Fernando Alonso,Alpine Renault,11.0,57,+37.128,0.0,No,1:33.331,2022,,,
Miami,12,22,Yuki Tsunoda,AlphaTauri RBPT,9.0,57,+40.146,0.0,No,1:33.035,2022,,,
Miami,13,3,Daniel Ricciardo,McLaren Mercedes,14.0,57,+40.902,0.0,No,1:33.265,2022,,,
Miami,14,6,Nicholas Latifi,Williams Mercedes,19.0,57,+49.936,0.0,No,1:34.169,2022,,,
Miami,15,47,Mick Schumacher,Haas Ferrari,15.0,57,+73.305,0.0,No,1:32.528,2022,,,
Miami,16,20,Kevin Magnussen,Haas Ferrari,16.0,56,DNF,0.0,No,1:33.511,2022,,,
Miami,17,5,Sebastian Vettel,Aston Martin Aramco Mercedes,13.0,54,DNF,0.0,No,1:33.479,2022,,,
Miami,NC,10,Pierre Gasly,AlphaTauri RBPT,7.0,45,DNF,0.0,No,1:34.487,2022,,,
Miami,NC,4,Lando Norris,McLaren Mercedes,8.0,39,DNF,0.0,No,1:33.411,2022,,,
Miami,NC,24,Guanyu Zhou,Alfa Romeo Ferrari,17.0,6,DNF,0.0,No,1:35.731,2022,,,
Spain,1,1,Max Verstappen,Red Bull Racing RBPT,2.0,66,1:37:20.475,25.0,No,1:25.456,2022,,,
Spain,2,11,Sergio Perez,Red Bull Racing RBPT,5.0,66,+13.072,19.0,Yes,1:24.108,2022,,,
Spain,3,63,George Russell,Mercedes,4.0,66,+32.927,15.0,No,1:24.636,2022,,,
Spain,4,55,Carlos Sainz,Ferrari,3.0,66,+45.208,12.0,No,1:25.985,2022,,,
Spain,5,44,Lewis Hamilton,Mercedes,6.0,66,+54.534,10.0,No,1:24.253,2022,,,
Spain,6,77,Valtteri Bottas,Alfa Romeo Ferrari,7.0,66,+59.976,8.0,No,1:26.395,2022,,,
Spain,7,31,Esteban Ocon,Alpine Renault,12.0,66,+75.397,6.0,No,1:25.935,2022,,,
Spain,8,4,Lando Norris,McLaren Mercedes,11.0,66,+83.235,4.0,No,1:25.619,2022,,,
Spain,9,14,Fernando Alonso,Alpine Renault,20.0,65,+1 lap,2.0,No,1:26.599,2022,,,
Spain,10,22,Yuki Tsunoda,AlphaTauri RBPT,13.0,65,+1 lap,1.0,No,1:26.828,2022,,,
Spain,11,5,Sebastian Vettel,Aston Martin Aramco Mercedes,16.0,65,+1 lap,0.0,No,1:27.629,2022,,,
Spain,12,3,Daniel Ricciardo,McLaren Mercedes,9.0,65,+1 lap,0.0,No,1:27.285,2022,,,
Spain,13,10,Pierre Gasly,AlphaTauri RBPT,14.0,65,+1 lap,0.0,No,1:26.987,2022,,,
Spain,14,47,Mick Schumacher,Haas Ferrari,10.0,65,+1 lap,0.0,No,1:27.447,2022,,,
Spain,15,18,Lance Stroll,Aston Martin Aramco Mercedes,17.0,65,+1 lap,0.0,No,1:26.876,2022,,,
Spain,16,6,Nicholas Latifi,Williams Mercedes,19.0,64,+2 laps,0.0,No,1:27.246,2022,,,
Spain,17,20,Kevin Magnussen,Haas Ferrari,8.0,64,+2 laps,0.0,No,1:27.537,2022,,,
Spain,18,23,Alexander Albon,Williams Mercedes,18.0,64,+2 laps,0.0,No,1:28.281,2022,,,
Spain,NC,24,Guanyu Zhou,Alfa Romeo Ferrari,15.0,28,DNF,0.0,No,1:28.415,2022,,,
Spain,NC,16,Charles Leclerc,Ferrari,1.0,27,DNF,0.0,No,1:27.030,2022,,,
Monaco,1,11,Sergio Perez,Red Bull Racing RBPT,3.0,64,1:56:30.265,25.0,No,1:16.028,2022,,,
Monaco,2,55,Carlos Sainz,Ferrari,2.0,64,+1.154,18.0,No,1:16.421,2022,,,
Monaco,3,1,Max Verstappen,Red Bull Racing RBPT,4.0,64,+1.491,15.0,No,1:16.052,2022,,,
Monaco,4,16,Charles Leclerc,Ferrari,1.0,64,+2.922,12.0,No,1:16.249,2022,,,
Monaco,5,63,George Russell,Mercedes,6.0,64,+11.968,10.0,No,1:16.830,2022,,,
Monaco,6,4,Lando Norris,McLaren Mercedes,5.0,64,+12.231,9.0,Yes,1:14.693,2022,,,
Monaco,7,14,Fernando Alonso,Alpine Renault,7.0,64,+46.358,6.0,No,1:15.882,2022,,,
Monaco,8,44,Lewis Hamilton,Mercedes,8.0,64,+50.388,4.0,No,1:17.203,2022,,,
Monaco,9,77,Valtteri Bottas,Alfa Romeo Ferrari,12.0,64,+52.525,2.0,No,1:17.600,2022,,,
Monaco,10,5,Sebastian Vettel,Aston Martin Aramco Mercedes,9.0,64,+53.536,1.0,No,1:17.558,2022,,,
Monaco,11,10,Pierre Gasly,AlphaTauri RBPT,17.0,64,+54.289,0.0,No,1:17.344,2022,,,
Monaco,12,31,Esteban Ocon,Alpine Renault,10.0,64,+55.644,0.0,No,1:17.571,2022,,,
Monaco,13,3,Daniel Ricciardo,McLaren Mercedes,14.0,64,+57.635,0.0,No,1:17.532,2022,,,
Monaco,14,18,Lance Stroll,Aston Martin Aramco Mercedes,18.0,64,+60.802,0.0,No,1:17.672,2022,,,
Monaco,15,6,Nicholas Latifi,Williams Mercedes,19.0,63,+1 lap,0.0,No,1:18.579,2022,,,
Monaco,16,24,Guanyu Zhou,Alfa Romeo Ferrari,20.0,63,+1 lap,0.0,No,1:18.200,2022,,,
Monaco,17,22,Yuki Tsunoda,AlphaTauri RBPT,11.0,63,+1 lap,0.0,No,1:15.334,2022,,,
Monaco,NC,23,Alexander Albon,Williams Mercedes,16.0,48,DNF,0.0,No,1:18.023,2022,,,
Monaco,NC,47,Mick Schumacher,Haas Ferrari,15.0,24,DNF,0.0,No,1:24.778,2022,,,
Monaco,NC,20,Kevin Magnussen,Haas Ferrari,13.0,19,DNF,0.0,No,1:33.754,2022,,,
Azerbaijan,1,1,Max Verstappen,Red Bull Racing RBPT,3.0,51,1:34:05.941,25.0,No,1:46.050,2022,,,
Azerbaijan,2,11,Sergio Perez,Red Bull Racing RBPT,2.0,51,+20.823,19.0,Yes,1:46.046,2022,,,
Azerbaijan,3,63,George Russell,Mercedes,5.0,51,+45.995,15.0,No,1:47.177,2022,,,
Azerbaijan,4,44,Lewis Hamilton,Mercedes,7.0,51,+71.679,12.0,No,1:47.044,2022,,,
Azerbaijan,5,10,Pierre Gasly,AlphaTauri RBPT,6.0,51,+77.299,10.0,No,1:48.519,2022,,,
Azerbaijan,6,5,Sebastian Vettel,Aston Martin Aramco Mercedes,9.0,51,+84.099,8.0,No,1:48.206,2022,,,
Azerbaijan,7,14,Fernando Alonso,Alpine Renault,10.0,51,+88.596,6.0,No,1:47.989,2022,,,
Azerbaijan,8,3,Daniel Ricciardo,McLaren Mercedes,12.0,51,+92.207,4.0,No,1:48.276,2022,,,
Azerbaijan,9,4,Lando Norris,McLaren Mercedes,11.0,51,+92.556,2.0,No,1:47.997,2022,,,
Azerbaijan,10,31,Esteban Ocon,Alpine Renault,13.0,51,+108.184,1.0,No,1:48.297,2022,,,
Azerbaijan,11,77,Valtteri Bottas,Alfa Romeo Ferrari,15.0,50,+1 lap,0.0,No,1:48.179,2022,,,
Azerbaijan,12,23,Alexander Albon,Williams Mercedes,17.0,50,+1 lap,0.0,No,1:47.966,2022,,,
Azerbaijan,13,22,Yuki Tsunoda,AlphaTauri RBPT,8.0,50,+1 lap,0.0,No,1:47.523,2022,,,
Azerbaijan,14,47,Mick Schumacher,Haas Ferrari,20.0,50,+1 lap,0.0,No,1:48.410,2022,,,
Azerbaijan,15,6,Nicholas Latifi,Williams Mercedes,18.0,50,+1 lap,0.0,No,1:49.583,2022,,,
Azerbaijan,16,18,Lance Stroll,Aston Martin Aramco Mercedes,19.0,46,DNF,0.0,No,1:48.038,2022,,,
Azerbaijan,NC,20,Kevin Magnussen,Haas Ferrari,16.0,31,DNF,0.0,No,1:48.789,2022,,,
Azerbaijan,NC,24,Guanyu Zhou,Alfa Romeo Ferrari,14.0,23,DNF,0.0,No,1:48.723,2022,,,
Azerbaijan,NC,16,Charles Leclerc,Ferrari,1.0,21,DNF,0.0,No,1:47.531,2022,,,
Azerbaijan,NC,55,Carlos Sainz,Ferrari,4.0,8,DNF,0.0,No,1:48.978,2022,,,
Canada,1,1,Max Verstappen,Red Bull Racing RBPT,1.0,70,1:36:21.757,25.0,No,1:15.839,2022,,,
Canada,2,55,Carlos Sainz,Ferrari,3.0,70,+0.993,19.0,Yes,1:15.749,2022,,,
Canada,3,44,Lewis Hamilton,Mercedes,4.0,70,+7.006,15.0,No,1:16.167,2022,,,
Canada,4,63,George Russell,Mercedes,8.0,70,+12.313,12.0,No,1:16.418,2022,,,
Canada,5,16,Charles Leclerc,Ferrari,19.0,70,+15.168,10.0,No,1:15.901,2022,,,
Canada,6,31,Esteban Ocon,Alpine Renault,7.0,70,+23.890,8.0,No,1:17.110,2022,,,
Canada,7,77,Valtteri Bottas,Alfa Romeo Ferrari,11.0,70,+25.247,6.0,No,1:16.927,2022,,,
Canada,8,24,Guanyu Zhou,Alfa Romeo Ferrari,10.0,70,+26.952,4.0,No,1:16.578,2022,,,
Canada,9,14,Fernando Alonso,Alpine Renault,2.0,70,+29.945,2.0,No,1:17.010,2022,,,
Canada,10,18,Lance Stroll,Aston Martin Aramco Mercedes,17.0,70,+38.222,1.0,No,1:17.421,2022,,,
Canada,11,3,Daniel Ricciardo,McLaren Mercedes,9.0,70,+43.047,0.0,No,1:17.932,2022,,,
Canada,12,5,Sebastian Vettel,Aston Martin Aramco Mercedes,16.0,70,+44.245,0.0,No,1:17.956,2022,,,
Canada,13,23,Alexander Albon,Williams Mercedes,12.0,70,+44.893,0.0,No,1:17.951,2022,,,
Canada,14,10,Pierre Gasly,AlphaTauri RBPT,15.0,70,+45.183,0.0,No,1:17.810,2022,,,
Canada,15,4,Lando Norris,McLaren Mercedes,14.0,70,+52.145,0.0,No,1:17.495,2022,,,
Canada,16,6,Nicholas Latifi,Williams Mercedes,18.0,70,+59.978,0.0,No,1:18.540,2022,,,
Canada,17,20,Kevin Magnussen,Haas Ferrari,5.0,70,+68.180,0.0,No,1:18.046,2022,,,
Canada,NC,22,Yuki Tsunoda,AlphaTauri RBPT,20.0,47,DNF,0.0,No,1:18.309,2022,,,
Canada,NC,47,Mick Schumacher,Haas Ferrari,6.0,18,DNF,0.0,No,1:18.967,2022,,,
Canada,NC,11,Sergio Perez,Red Bull Racing RBPT,13.0,7,DNF,0.0,No,1:18.844,2022,,,
Great Britain,1,55,Carlos Sainz,Ferrari,1.0,52,2:17:50.311,25.0,No,1:30.813,2022,,,
Great Britain,2,11,Sergio Perez,Red Bull Racing RBPT,4.0,52,+3.779,18.0,No,1:30.937,2022,,,
Great Britain,3,44,Lewis Hamilton,Mercedes,5.0,52,+6.225,16.0,Yes,1:30.510,2022,,,
Great Britain,4,16,Charles Leclerc,Ferrari,3.0,52,+8.546,12.0,No,1:31.282,2022,,,
Great Britain,5,14,Fernando Alonso,Alpine Renault,7.0,52,+9.571,10.0,No,1:31.609,2022,,,
Great Britain,6,4,Lando Norris,McLaren Mercedes,6.0,52,+11.943,8.0,No,1:31.645,2022,,,
Great Britain,7,1,Max Verstappen,Red Bull Racing RBPT,2.0,52,+18.777,6.0,No,1:32.354,2022,,,
Great Britain,8,47,Mick Schumacher,Haas Ferrari,19.0,52,+18.995,4.0,No,1:32.109,2022,,,
Great Britain,9,5,Sebastian Vettel,Aston Martin Aramco Mercedes,18.0,52,+22.356,2.0,No,1:32.471,2022,,,
Great Britain,10,20,Kevin Magnussen,Haas Ferrari,17.0,52,+24.590,1.0,No,1:32.661,2022,,,
Great Britain,11,18,Lance Stroll,Aston Martin Aramco Mercedes,20.0,52,+26.147,0.0,No,1:32.379,2022,,,
Great Britain,12,6,Nicholas Latifi,Williams Mercedes,10.0,52,+32.511,0.0,No,1:33.286,2022,,,
Great Britain,13,3,Daniel Ricciardo,McLaren Mercedes,14.0,52,+32.817,0.0,No,1:32.644,2022,,,
Great Britain,14,22,Yuki Tsunoda,AlphaTauri RBPT,13.0,52,+40.910,0.0,No,1:33.832,2022,,,
Great Britain,NC,31,Esteban Ocon,Alpine Renault,15.0,37,DNF,0.0,No,1:33.537,2022,,,
Great Britain,NC,10,Pierre Gasly,AlphaTauri RBPT,11.0,26,DNF,0.0,No,1:34.614,2022,,,
Great Britain,NC,77,Valtteri Bottas,Alfa Romeo Ferrari,12.0,20,DNF,0.0,No,1:35.103,2022,,,
Great Britain,NC,63,George Russell,Mercedes,8.0,0,DNF,0.0,No,,2022,,,
Great Britain,NC,24,Guanyu Zhou,Alfa Romeo Ferrari,9.0,0,DNF,0.0,No,,2022,,,
Great Britain,NC,23,Alexander Albon,Williams Mercedes,16.0,0,DNF,0.0,No,,2022,,,
Austria,1,16,Charles Leclerc,Ferrari,2.0,71,1:24:24.312,25.0,No,1:07.583,2022,,,
Austria,2,1,Max Verstappen,Red Bull Racing RBPT,1.0,71,+1.532,19.0,Yes,1:07.275,2022,,,
Austria,3,44,Lewis Hamilton,Mercedes,8.0,71,+41.217,15.0,No,1:09.000,2022,,,
Austria,4,63,George Russell,Mercedes,4.0,71,+58.972,12.0,No,1:09.075,2022,,,
Austria,5,31,Esteban Ocon,Alpine Renault,6.0,71,+68.436,10.0,No,1:09.559,2022,,,
Austria,6,47,Mick Schumacher,Haas Ferrari,9.0,70,+1 lap,8.0,No,1:09.625,2022,,,
Austria,7,4,Lando Norris,McLaren Mercedes,10.0,70,+1 lap,6.0,No,1:09.304,2022,,,
Austria,8,20,Kevin Magnussen,Haas Ferrari,7.0,70,+1 lap,4.0,No,1:09.938,2022,,,
Austria,9,3,Daniel Ricciardo,McLaren Mercedes,11.0,70,+1 lap,2.0,No,1:09.924,2022,,,
Austria,10,14,Fernando Alonso,Alpine Renault,19.0,70,+1 lap,1.0,No,1:08.558,2022,,,
Austria,11,77,Valtteri Bottas,Alfa Romeo Ferrari,20.0,70,+1 lap,0.0,No,1:09.266,2022,,,
Austria,12,23,Alexander Albon,Williams Mercedes,15.0,70,+1 lap,0.0,No,1:09.669,2022,,,
Austria,13,18,Lance Stroll,Aston Martin Aramco Mercedes,12.0,70,+1 lap,0.0,No,1:10.048,2022,,,
Austria,14,24,Guanyu Zhou,Alfa Romeo Ferrari,13.0,70,+1 lap,0.0,No,1:09.380,2022,,,
Austria,15,10,Pierre Gasly,AlphaTauri RBPT,14.0,70,+1 lap,0.0,No,1:10.104,2022,,,
Austria,16,22,Yuki Tsunoda,AlphaTauri RBPT,16.0,70,+1 lap,0.0,No,1:10.023,2022,,,
Austria,17,5,Sebastian Vettel,Aston Martin Aramco Mercedes,18.0,70,+1 lap,0.0,No,1:10.001,2022,,,
Austria,NC,55,Carlos Sainz,Ferrari,3.0,56,DNF,0.0,No,1:08.649,2022,,,
Austria,NC,6,Nicholas Latifi,Williams Mercedes,17.0,48,DNF,0.0,No,1:10.890,2022,,,
Austria,NC,11,Sergio Perez,Red Bull Racing RBPT,5.0,24,DNF,0.0,No,1:11.843,2022,,,
France,1,1,Max Verstappen,Red Bull Racing RBPT,2.0,53,1:30:02.112,25.0,No,1:37.491,2022,,,
France,2,44,Lewis Hamilton,Mercedes,4.0,53,+10.587,18.0,No,1:37.668,2022,,,
France,3,63,George Russell,Mercedes,6.0,53,+16.495,15.0,No,1:37.548,2022,,,
France,4,11,Sergio Perez,Red Bull Racing RBPT,3.0,53,+17.310,12.0,No,1:37.780,2022,,,
France,5,55,Carlos Sainz,Ferrari,19.0,53,+28.872,11.0,Yes,1:35.781,2022,,,
France,6,14,Fernando Alonso,Alpine Renault,7.0,53,+42.879,8.0,No,1:38.160,2022,,,
France,7,4,Lando Norris,McLaren Mercedes,5.0,53,+52.026,6.0,No,1:39.037,2022,,,
France,8,31,Esteban Ocon,Alpine Renault,10.0,53,+56.959,4.0,No,1:38.684,2022,,,
France,9,3,Daniel Ricciardo,McLaren Mercedes,9.0,53,+60.372,2.0,No,1:39.133,2022,,,
France,10,18,Lance Stroll,Aston Martin Aramco Mercedes,15.0,53,+62.549,1.0,No,1:39.185,2022,,,
France,11,5,Sebastian Vettel,Aston Martin Aramco Mercedes,12.0,53,+65.448,0.0,No,1:39.044,2022,,,
France,12,10,Pierre Gasly,AlphaTauri RBPT,14.0,53,+65.448,0.0,No,1:38.786,2022,,,
France,13,23,Alexander Albon,Williams Mercedes,13.0,53,+68.565,0.0,No,1:39.199,2022,,,
France,14,77,Valtteri Bottas,Alfa Romeo Ferrari,11.0,53,+76.666,0.0,No,1:37.963,2022,,,
France,15,47,Mick Schumacher,Haas Ferrari,17.0,53,+80.394,0.0,No,1:39.068,2022,,,
France,16,24,Guanyu Zhou,Alfa Romeo Ferrari,16.0,47,+6 laps,0.0,No,1:39.368,2022,,,
France,NC,6,Nicholas Latifi,Williams Mercedes,18.0,40,DNF,0.0,No,1:39.650,2022,,,
France,NC,20,Kevin Magnussen,Haas Ferrari,20.0,37,DNF,0.0,No,1:39.265,2022,,,
France,NC,16,Charles Leclerc,Ferrari,1.0,17,DNF,0.0,No,1:38.088,2022,,,
France,NC,22,Yuki Tsunoda,AlphaTauri RBPT,8.0,17,DNF,0.0,No,1:40.216,2022,,,
Hungary,1,1,Max Verstappen,Red Bull Racing RBPT,10.0,70,1:39:25.912,25.0,No,1:22.126,2022,,,
Hungary,2,44,Lewis Hamilton,Mercedes,7.0,70,+7.834,19.0,Yes,1:21.386,2022,,,
Hungary,3,63,George Russell,Mercedes,1.0,70,+12.337,15.0,No,1:22.766,2022,,,
Hungary,4,55,Carlos Sainz,Ferrari,2.0,70,+14.579,12.0,No,1:22.000,2022,,,
Hungary,5,11,Sergio Perez,Red Bull Racing RBPT,11.0,70,+15.688,10.0,No,1:21.940,2022,,,
Hungary,6,16,Charles Leclerc,Ferrari,3.0,70,+16.047,8.0,No,1:21.622,2022,,,
Hungary,7,4,Lando Norris,McLaren Mercedes,4.0,70,+78.300,6.0,No,1:23.043,2022,,,
Hungary,8,14,Fernando Alonso,Alpine Renault,6.0,69,+1 lap,4.0,No,1:23.979,2022,,,
Hungary,9,31,Esteban Ocon,Alpine Renault,5.0,69,+1 lap,2.0,No,1:24.149,2022,,,
Hungary,10,5,Sebastian Vettel,Aston Martin Aramco Mercedes,18.0,69,+1 lap,1.0,No,1:22.824,2022,,,
Hungary,11,18,Lance Stroll,Aston Martin Aramco Mercedes,14.0,69,+1 lap,0.0,No,1:22.437,2022,,,
Hungary,12,10,Pierre Gasly,AlphaTauri RBPT,20.0,69,+1 lap,0.0,No,1:23.199,2022,,,
Hungary,13,24,Guanyu Zhou,Alfa Romeo Ferrari,12.0,69,+1 lap,0.0,No,1:22.029,2022,,,
Hungary,14,47,Mick Schumacher,Haas Ferrari,15.0,69,+1 lap,0.0,No,1:23.151,2022,,,
Hungary,15,3,Daniel Ricciardo,McLaren Mercedes,9.0,69,+1 lap,0.0,No,1:23.654,2022,,,
Hungary,16,20,Kevin Magnussen,Haas Ferrari,13.0,69,+1 lap,0.0,No,1:23.511,2022,,,
Hungary,17,23,Alexander Albon,Williams Mercedes,17.0,69,+1 lap,0.0,No,1:23.047,2022,,,
Hungary,18,6,Nicholas Latifi,Williams Mercedes,19.0,69,+1 lap,0.0,No,1:22.478,2022,,,
Hungary,19,22,Yuki Tsunoda,AlphaTauri RBPT,16.0,68,+2 laps,0.0,No,1:23.538,2022,,,
Hungary,20,77,Valtteri Bottas,Alfa Romeo Ferrari,8.0,65,DNF,0.0,No,1:24.002,2022,,,
Belgium,1,1,Max Verstappen,Red Bull Racing RBPT,14.0,44,1:25:52.894,26.0,Yes,1:49.354,2022,,,
Belgium,2,11,Sergio Perez,Red Bull Racing RBPT,2.0,44,+17.841,18.0,No,1:50.764,2022,,,
Belgium,3,55,Carlos Sainz,Ferrari,1.0,44,+26.886,15.0,No,1:51.977,2022,,,
Belgium,4,63,George Russell,Mercedes,5.0,44,+29.140,12.0,No,1:50.793,2022,,,
Belgium,5,14,Fernando Alonso,Alpine Renault,3.0,44,+73.256,10.0,No,1:52.868,2022,,,
Belgium,6,16,Charles Leclerc,Ferrari,15.0,44,+74.936,8.0,No,1:49.984,2022,,,
Belgium,7,31,Esteban Ocon,Alpine Renault,16.0,44,+75.640,6.0,No,1:51.717,2022,,,
Belgium,8,5,Sebastian Vettel,Aston Martin Aramco Mercedes,10.0,44,+78.107,4.0,No,1:52.515,2022,,,
Belgium,9,10,Pierre Gasly,AlphaTauri RBPT,8.0,44,+92.181,2.0,No,1:53.002,2022,,,
Belgium,10,23,Alexander Albon,Williams Mercedes,6.0,44,+101.900,1.0,No,1:53.055,2022,,,
Belgium,11,18,Lance Stroll,Aston Martin Aramco Mercedes,9.0,44,+103.078,0.0,No,1:52.880,2022,,,
Belgium,12,4,Lando Norris,McLaren Mercedes,17.0,44,+104.739,0.0,No,1:51.678,2022,,,
Belgium,13,22,Yuki Tsunoda,AlphaTauri RBPT,20.0,44,+105.217,0.0,No,1:52.436,2022,,,
Belgium,14,24,Guanyu Zhou,Alfa Romeo Ferrari,18.0,44,+106.252,0.0,No,1:52.317,2022,,,
Belgium,15,3,Daniel Ricciardo,McLaren Mercedes,7.0,44,+107.163,0.0,No,1:53.080,2022,,,
Belgium,16,20,Kevin Magnussen,Haas Ferrari,12.0,43,+1 lap,0.0,No,1:53.332,2022,,,
Belgium,17,47,Mick Schumacher,Haas Ferrari,19.0,43,+1 lap,0.0,No,1:52.646,2022,,,
Belgium,18,6,Nicholas Latifi,Williams Mercedes,11.0,43,+1 lap,0.0,No,1:52.256,2022,,,
Belgium,NC,77,Valtteri Bottas,Alfa Romeo Ferrari,13.0,1,DNF,0.0,No,,2022,,,
Belgium,NC,44,Lewis Hamilton,Mercedes,4.0,0,DNF,0.0,No,,2022,,,
Netherlands,1,1,Max Verstappen,Red Bull Racing RBPT,1.0,72,1:36:42.773,26.0,Yes,1:13.652,2022,,,
Netherlands,2,63,George Russell,Mercedes,6.0,72,+4.071,18.0,No,1:13.671,2022,,,
Netherlands,3,16,Charles Leclerc,Ferrari,2.0,72,+10.929,15.0,No,1:14.413,2022,,,
Netherlands,4,44,Lewis Hamilton,Mercedes,4.0,72,+13.016,12.0,No,1:13.854,2022,,,
Netherlands,5,11,Sergio Perez,Red Bull Racing RBPT,5.0,72,+18.168,10.0,No,1:14.404,2022,,,
Netherlands,6,14,Fernando Alonso,Alpine Renault,13.0,72,+18.754,8.0,No,1:14.144,2022,,,
Netherlands,7,4,Lando Norris,McLaren Mercedes,7.0,72,+19.306,6.0,No,1:14.706,2022,,,
Netherlands,8,55,Carlos Sainz,Ferrari,3.0,72,+20.916,4.0,No,1:14.643,2022,,,
Netherlands,9,31,Esteban Ocon,Alpine Renault,12.0,72,+21.117,2.0,No,1:15.084,2022,,,
Netherlands,10,18,Lance Stroll,Aston Martin Aramco Mercedes,10.0,72,+22.459,1.0,No,1:15.043,2022,,,
Netherlands,11,10,Pierre Gasly,AlphaTauri RBPT,11.0,72,+27.009,0.0,No,1:15.165,2022,,,
Netherlands,12,23,Alexander Albon,Williams Mercedes,15.0,72,+30.390,0.0,No,1:15.534,2022,,,
Netherlands,13,47,Mick Schumacher,Haas Ferrari,8.0,72,+32.995,0.0,No,1:15.233,2022,,,
Netherlands,14,5,Sebastian Vettel,Aston Martin Aramco Mercedes,19.0,72,+36.007,0.0,No,1:14.862,2022,,,
Netherlands,15,20,Kevin Magnussen,Haas Ferrari,18.0,72,+36.869,0.0,No,1:15.369,2022,,,
Netherlands,16,24,Guanyu Zhou,Alfa Romeo Ferrari,14.0,72,+37.320,0.0,No,1:15.940,2022,,,
Netherlands,17,3,Daniel Ricciardo,McLaren Mercedes,17.0,72,+37.764,0.0,No,1:15.577,2022,,,
Netherlands,18,6,Nicholas Latifi,Williams Mercedes,20.0,71,+1 lap,0.0,No,1:16.066,2022,,,
Netherlands,NC,77,Valtteri Bottas,Alfa Romeo Ferrari,16.0,53,DNF,0.0,No,1:16.844,2022,,,
Netherlands,NC,22,Yuki Tsunoda,AlphaTauri RBPT,9.0,43,DNF,0.0,No,1:17.138,2022,,,
Italy,1,1,Max Verstappen,Red Bull Racing RBPT,7.0,53,1:20:27.511,25.0,No,1:24.745,2022,,,
Italy,2,16,Charles Leclerc,Ferrari,1.0,53,+2.446,18.0,No,1:24.336,2022,,,
Italy,3,63,George Russell,Mercedes,2.0,53,+3.405,15.0,No,1:25.288,2022,,,
Italy,4,55,Carlos Sainz,Ferrari,18.0,53,+5.061,12.0,No,1:24.446,2022,,,
Italy,5,44,Lewis Hamilton,Mercedes,19.0,53,+5.380,10.0,No,1:24.434,2022,,,
Italy,6,11,Sergio Perez,Red Bull Racing RBPT,13.0,53,+6.091,9.0,Yes,1:24.030,2022,,,
Italy,7,4,Lando Norris,McLaren Mercedes,3.0,53,+6.207,6.0,No,1:24.718,2022,,,
Italy,8,10,Pierre Gasly,AlphaTauri RBPT,5.0,53,+6.396,4.0,No,1:26.718,2022,,,
Italy,9,45,Nyck De Vries,Williams Mercedes,8.0,53,+7.122,2.0,No,1:26.624,2022,,,
Italy,10,24,Guanyu Zhou,Alfa Romeo Ferrari,9.0,53,+7.910,1.0,No,1:26.361,2022,,,
Italy,11,31,Esteban Ocon,Alpine Renault,14.0,53,+8.323,0.0,No,1:26.593,2022,,,
Italy,12,47,Mick Schumacher,Haas Ferrari,17.0,53,+8.549,0.0,No,1:25.298,2022,,,
Italy,13,77,Valtteri Bottas,Alfa Romeo Ferrari,15.0,52,+1 lap,0.0,No,1:25.706,2022,,,
Italy,14,22,Yuki Tsunoda,AlphaTauri RBPT,20.0,52,+1 lap,0.0,No,1:26.857,2022,,,
Italy,15,6,Nicholas Latifi,Williams Mercedes,10.0,52,+1 lap,0.0,No,1:26.798,2022,,,
Italy,16,20,Kevin Magnussen,Haas Ferrari,16.0,52,+1 lap,0.0,No,1:26.798,2022,,,
Italy,NC,3,Daniel Ricciardo,McLaren Mercedes,4.0,45,DNF,0.0,No,1:26.603,2022,,,
Italy,NC,18,Lance Stroll,Aston Martin Aramco Mercedes,12.0,39,DNF,0.0,No,1:27.467,2022,,,
Italy,NC,14,Fernando Alonso,Alpine Renault,6.0,31,DNF,0.0,No,1:27.203,2022,,,
Italy,NC,5,Sebastian Vettel,Aston Martin Aramco Mercedes,11.0,10,DNF,0.0,No,1:27.501,2022,,,
Singapore,1,11,Sergio Perez,Red Bull Racing RBPT,2.0,59,2:02:20.238,25.0,No,1:48.165,2022,,,
Singapore,2,16,Charles Leclerc,Ferrari,1.0,59,+2.595,18.0,No,1:48.753,2022,,,
Singapore,3,55,Carlos Sainz,Ferrari,4.0,59,+10.305,15.0,No,1:48.414,2022,,,
Singapore,4,4,Lando Norris,McLaren Mercedes,6.0,59,+21.133,12.0,No,1:49.212,2022,,,
Singapore,5,3,Daniel Ricciardo,McLaren Mercedes,16.0,59,+53.282,10.0,No,1:51.006,2022,,,
Singapore,6,18,Lance Stroll,Aston Martin Aramco Mercedes,11.0,59,+56.330,8.0,No,1:50.283,2022,,,
Singapore,7,1,Max Verstappen,Red Bull Racing RBPT,8.0,59,+58.825,6.0,No,1:49.142,2022,,,
Singapore,8,5,Sebastian Vettel,Aston Martin Aramco Mercedes,13.0,59,+60.032,4.0,No,1:50.669,2022,,,
Singapore,9,44,Lewis Hamilton,Mercedes,3.0,59,+61.515,2.0,No,1:50.622,2022,,,
Singapore,10,10,Pierre Gasly,AlphaTauri RBPT,7.0,59,+69.576,1.0,No,1:50.569,2022,,,
Singapore,11,77,Valtteri Bottas,Alfa Romeo Ferrari,15.0,59,+88.844,0.0,No,1:51.864,2022,,,
Singapore,12,20,Kevin Magnussen,Haas Ferrari,9.0,59,+92.610,0.0,No,1:52.067,2022,,,
Singapore,13,47,Mick Schumacher,Haas Ferrari,12.0,58,+1 lap,0.0,No,1:50.290,2022,,,
Singapore,14,63,George Russell,Mercedes,20.0,57,+2 laps,0.0,No,1:46.458,2022,,,
Singapore,NC,22,Yuki Tsunoda,AlphaTauri RBPT,10.0,34,DNF,0.0,No,1:58.716,2022,,,
Singapore,NC,31,Esteban Ocon,Alpine Renault,17.0,26,DNF,0.0,No,2:01.105,2022,,,
Singapore,NC,23,Alexander Albon,Williams Mercedes,18.0,25,DNF,0.0,No,2:02.121,2022,,,
Singapore,NC,14,Fernando Alonso,Alpine Renault,5.0,20,DNF,0.0,No,2:00.463,2022,,,
Singapore,NC,6,Nicholas Latifi,Williams Mercedes,19.0,7,DNF,0.0,No,2:05.585,2022,,,
Singapore,NC,24,Guanyu Zhou,Alfa Romeo Ferrari,14.0,6,DNF,0.0,No,2:05.556,2022,,,
Japan,1,1,Max Verstappen,Red Bull Racing RBPT,1.0,28,3:01:44.004,25.0,No,1:44.911,2022,,,
Japan,2,11,Sergio Perez,Red Bull Racing RBPT,4.0,28,+27.066,18.0,No,1:46.120,2022,,,
Japan,3,16,Charles Leclerc,Ferrari,2.0,28,+31.763,15.0,No,1:44.489,2022,,,
Japan,4,31,Esteban Ocon,Alpine Renault,5.0,28,+39.685,12.0,No,1:46.559,2022,,,
Japan,5,44,Lewis Hamilton,Mercedes,6.0,28,+40.326,10.0,No,1:45.530,2022,,,
Japan,6,5,Sebastian Vettel,Aston Martin Aramco Mercedes,9.0,28,+46.358,8.0,No,1:46.964,2022,,,
Japan,7,14,Fernando Alonso,Alpine Renault,7.0,28,+46.369,6.0,No,1:44.412,2022,,,
Japan,8,63,George Russell,Mercedes,8.0,28,+47.661,4.0,No,1:47.004,2022,,,
Japan,9,6,Nicholas Latifi,Williams Mercedes,19.0,28,+70.143,2.0,No,1:48.371,2022,,,
Japan,10,4,Lando Norris,McLaren Mercedes,10.0,28,+70.782,1.0,No,1:48.175,2022,,,
Japan,11,3,Daniel Ricciardo,McLaren Mercedes,11.0,28,+72.877,0.0,No,1:47.843,2022,,,
Japan,12,18,Lance Stroll,Aston Martin Aramco Mercedes,18.0,28,+73.904,0.0,No,1:45.205,2022,,,
Japan,13,22,Yuki Tsunoda,AlphaTauri RBPT,13.0,28,+75.599,0.0,No,1:45.893,2022,,,
Japan,14,20,Kevin Magnussen,Haas Ferrari,17.0,28,+86.016,0.0,No,1:48.072,2022,,,
Japan,15,77,Valtteri Bottas,Alfa Romeo Ferrari,12.0,28,+86.496,0.0,No,1:47.820,2022,,,
Japan,16,24,Guanyu Zhou,Alfa Romeo Ferrari,14.0,28,+87.043,0.0,No,1:44.411,2022,,,
Japan,17,47,Mick Schumacher,Haas Ferrari,15.0,28,+92.523,0.0,No,1:46.545,2022,,,
Japan,18,10,Pierre Gasly,AlphaTauri RBPT,20.0,28,+108.091,0.0,No,1:45.387,2022,,,
Japan,NC,55,Carlos Sainz,Ferrari,3.0,0,DNF,0.0,No,,2022,,,
Japan,NC,23,Alexander Albon,Williams Mercedes,16.0,0,DNF,0.0,No,,2022,,,
United States,1,1,Max Verstappen,Red Bull Racing RBPT,2.0,56,1:42:11.687,25.0,No,1:39.541,2022,,,
United States,2,44,Lewis Hamilton,Mercedes,3.0,56,+5.023,18.0,No,1:39.830,2022,,,
United States,3,16,Charles Leclerc,Ferrari,12.0,56,+7.501,15.0,No,1:39.731,2022,,,
United States,4,11,Sergio Perez,Red Bull Racing RBPT,9.0,56,+8.293,12.0,No,1:39.563,2022,,,
United States,5,63,George Russell,Mercedes,4.0,56,+44.815,11.0,Yes,1:38.788,2022,,,
United States,6,4,Lando Norris,McLaren Mercedes,6.0,56,+53.785,8.0,No,1:41.322,2022,,,
United States,7,14,Fernando Alonso,Alpine Renault,14.0,56,+55.078,6.0,No,1:41.804,2022,,,
United States,8,5,Sebastian Vettel,Aston Martin Aramco Mercedes,10.0,56,+65.354,4.0,No,1:41.538,2022,,,
United States,9,20,Kevin Magnussen,Haas Ferrari,13.0,56,+65.834,2.0,No,1:42.546,2022,,,
United States,10,22,Yuki Tsunoda,AlphaTauri RBPT,19.0,56,+70.919,1.0,No,1:42.206,2022,,,
United States,11,31,Esteban Ocon,Alpine Renault,20.0,56,+72.875,0.0,No,1:41.243,2022,,,
United States,12,24,Guanyu Zhou,Alfa Romeo Ferrari,18.0,56,+76.164,0.0,No,1:42.394,2022,,,
United States,13,23,Alexander Albon,Williams Mercedes,8.0,56,+80.057,0.0,No,1:42.471,2022,,,
United States,14,10,Pierre Gasly,AlphaTauri RBPT,11.0,56,+81.763,0.0,No,1:41.674,2022,,,
United States,15,47,Mick Schumacher,Haas Ferrari,16.0,56,+84.490,0.0,No,1:42.320,2022,,,
United States,16,3,Daniel Ricciardo,McLaren Mercedes,15.0,56,+90.487,0.0,No,1:42.420,2022,,,
United States,17,6,Nicholas Latifi,Williams Mercedes,17.0,56,+103.588,0.0,No,1:43.485,2022,,,
United States,NC,18,Lance Stroll,Aston Martin Aramco Mercedes,5.0,21,DNF,0.0,No,1:43.080,2022,,,
United States,NC,77,Valtteri Bottas,Alfa Romeo Ferrari,7.0,16,DNF,0.0,No,1:43.391,2022,,,
United States,NC,55,Carlos Sainz,Ferrari,1.0,1,DNF,0.0,No,,2022,,,
Mexico,1,1,Max Verstappen,Red Bull Racing RBPT,1.0,71,1:38:36.729,25.0,No,1:22.046,2022,,,
Mexico,2,44,Lewis Hamilton,Mercedes,3.0,71,+15.186,18.0,No,1:22.062,2022,,,
Mexico,3,11,Sergio Perez,Red Bull Racing RBPT,4.0,71,+18.097,15.0,No,1:21.775,2022,,,
Mexico,4,63,George Russell,Mercedes,2.0,71,+49.431,13.0,Yes,1:20.153,2022,,,
Mexico,5,55,Carlos Sainz,Ferrari,5.0,71,+58.123,10.0,No,1:22.199,2022,,,
Mexico,6,16,Charles Leclerc,Ferrari,7.0,71,+68.774,8.0,No,1:22.603,2022,,,
Mexico,7,3,Daniel Ricciardo,McLaren Mercedes,11.0,70,+1 lap,6.0,No,1:22.022,2022,,,
Mexico,8,31,Esteban Ocon,Alpine Renault,10.0,70,+1 lap,4.0,No,1:23.279,2022,,,
Mexico,9,4,Lando Norris,McLaren Mercedes,8.0,70,+1 lap,2.0,No,1:23.402,2022,,,
Mexico,10,77,Valtteri Bottas,Alfa Romeo Ferrari,6.0,70,+1 lap,1.0,No,1:23.363,2022,,,
Mexico,11,10,Pierre Gasly,AlphaTauri RBPT,14.0,70,+1 lap,0.0,No,1:22.277,2022,,,
Mexico,12,23,Alexander Albon,Williams Mercedes,17.0,70,+1 lap,0.0,No,1:22.914,2022,,,
Mexico,13,24,Guanyu Zhou,Alfa Romeo Ferrari,12.0,70,+1 lap,0.0,No,1:22.260,2022,,,
Mexico,14,5,Sebastian Vettel,Aston Martin Aramco Mercedes,16.0,70,+1 lap,0.0,No,1:23.086,2022,,,
Mexico,15,18,Lance Stroll,Aston Martin Aramco Mercedes,20.0,70,+1 lap,0.0,No,1:22.463,2022,,,
Mexico,16,47,Mick Schumacher,Haas Ferrari,15.0,70,+1 lap,0.0,No,1:23.641,2022,,,
Mexico,17,20,Kevin Magnussen,Haas Ferrari,19.0,70,+1 lap,0.0,No,1:23.300,2022,,,
Mexico,18,6,Nicholas Latifi,Williams Mercedes,18.0,69,+2 laps,0.0,No,1:23.709,2022,,,
Mexico,19,14,Fernando Alonso,Alpine Renault,9.0,63,DNF,0.0,No,1:22.866,2022,,,
Mexico,NC,22,Yuki Tsunoda,AlphaTauri RBPT,13.0,50,DNF,0.0,No,1:23.403,2022,,,
Brazil,1,63,George Russell,Mercedes,1.0,71,1:38:34.044,26.0,Yes,1:13.785,2022,,,
Brazil,2,44,Lewis Hamilton,Mercedes,2.0,71,+1.529,18.0,No,1:13.942,2022,,,
Brazil,3,55,Carlos Sainz,Ferrari,7.0,71,+4.051,15.0,No,1:13.953,2022,,,
Brazil,4,16,Charles Leclerc,Ferrari,5.0,71,+8.441,12.0,No,1:14.253,2022,,,
Brazil,5,14,Fernando Alonso,Alpine Renault,17.0,71,+9.561,10.0,No,1:14.164,2022,,,
Brazil,6,1,Max Verstappen,Red Bull Racing RBPT,3.0,71,+10.056,8.0,No,1:14.195,2022,,,
Brazil,7,11,Sergio Perez,Red Bull Racing RBPT,4.0,71,+14.080,6.0,No,1:14.283,2022,,,
Brazil,8,31,Esteban Ocon,Alpine Renault,16.0,71,+18.690,4.0,No,1:15.093,2022,,,
Brazil,9,77,Valtteri Bottas,Alfa Romeo Ferrari,14.0,71,+22.552,2.0,No,1:15.511,2022,,,
Brazil,10,18,Lance Stroll,Aston Martin Aramco Mercedes,15.0,71,+23.552,1.0,No,1:14.831,2022,,,
Brazil,11,5,Sebastian Vettel,Aston Martin Aramco Mercedes,9.0,71,+26.183,0.0,No,1:15.549,2022,,,
Brazil,12,24,Guanyu Zhou,Alfa Romeo Ferrari,13.0,71,+29.325,0.0,No,1:15.802,2022,,,
Brazil,13,47,Mick Schumacher,Haas Ferrari,12.0,71,+29.899,0.0,No,1:15.251,2022,,,
Brazil,14,10,Pierre Gasly,AlphaTauri RBPT,10.0,71,+31.867,0.0,No,1:15.327,2022,,,
Brazil,15,23,Alexander Albon,Williams Mercedes,19.0,71,+36.016,0.0,No,1:15.613,2022,,,
Brazil,16,6,Nicholas Latifi,Williams Mercedes,18.0,71,+37.038,0.0,No,1:15.327,2022,,,
Brazil,17,22,Yuki Tsunoda,AlphaTauri RBPT,20.0,71,+1 lap,0.0,No,1:15.508,2022,,,
Brazil,NC,4,Lando Norris,McLaren Mercedes,6.0,50,DNF,0.0,No,1:15.855,2022,,,
Brazil,NC,20,Kevin Magnussen,Haas Ferrari,8.0,0,DNF,0.0,No,,2022,,,
Brazil,NC,3,Daniel Ricciardo,McLaren Mercedes,11.0,0,DNF,0.0,No,,2022,,,
Abu Dhabi,1,1,Max Verstappen,Red Bull Racing RBPT,1.0,58,1:27:45.914,25.0,No,1:29.392,2022,,,
Abu Dhabi,2,16,Charles Leclerc,Ferrari,3.0,58,+8.771,18.0,No,1:29.719,2022,,,
Abu Dhabi,3,11,Sergio Perez,Red Bull Racing RBPT,2.0,58,+10.093,15.0,No,1:28.972,2022,,,
Abu Dhabi,4,55,Carlos Sainz,Ferrari,4.0,58,+24.892,12.0,No,1:28.879,2022,,,
Abu Dhabi,5,63,George Russell,Mercedes,6.0,58,+35.888,10.0,No,1:28.836,2022,,,
Abu Dhabi,6,4,Lando Norris,McLaren Mercedes,7.0,58,+56.234,9.0,Yes,1:28.391,2022,,,
Abu Dhabi,7,31,Esteban Ocon,Alpine Renault,8.0,58,+57.240,6.0,No,1:29.333,2022,,,
Abu Dhabi,8,18,Lance Stroll,Aston Martin Aramco Mercedes,14.0,58,+76.931,4.0,No,1:29.620,2022,,,
Abu Dhabi,9,3,Daniel Ricciardo,McLaren Mercedes,13.0,58,+83.268,2.0,No,1:30.785,2022,,,
Abu Dhabi,10,5,Sebastian Vettel,Aston Martin Aramco Mercedes,9.0,58,+83.898,1.0,No,1:30.312,2022,,,
Abu Dhabi,11,22,Yuki Tsunoda,AlphaTauri RBPT,11.0,58,+89.371,0.0,No,1:29.489,2022,,,
Abu Dhabi,12,24,Guanyu Zhou,Alfa Romeo Ferrari,15.0,57,+1 lap,0.0,No,1:29.600,2022,,,
Abu Dhabi,13,23,Alexander Albon,Williams Mercedes,19.0,57,+1 lap,0.0,No,1:29.939,2022,,,
Abu Dhabi,14,10,Pierre Gasly,AlphaTauri RBPT,17.0,57,+1 lap,0.0,No,1:31.081,2022,,,
Abu Dhabi,15,77,Valtteri Bottas,Alfa Romeo Ferrari,18.0,57,+1 lap,0.0,No,1:30.352,2022,,,
Abu Dhabi,16,47,Mick Schumacher,Haas Ferrari,12.0,57,+1 lap,0.0,No,1:29.833,2022,,,
Abu Dhabi,17,20,Kevin Magnussen,Haas Ferrari,16.0,57,+1 lap,0.0,No,1:31.158,2022,,,
Abu Dhabi,18,44,Lewis Hamilton,Mercedes,5.0,55,DNF,0.0,No,1:29.788,2022,,,
Abu Dhabi,19,6,Nicholas Latifi,Williams Mercedes,20.0,55,DNF,0.0,No,1:30.309,2022,,,
Abu Dhabi,NC,14,Fernando Alonso,Alpine Renault,10.0,27,DNF,0.0,No,1:30.579,2022,,,
Bahrain,1,1,Max Verstappen,Red Bull Racing Honda RBPT,1.0,57,1:33:56.736,25.0,,,2023,No,1:36.236,
Bahrain,2,11,Sergio Perez,Red Bull Racing Honda RBPT,2.0,57,+11.987,18.0,,,2023,No,1:36.344,
Bahrain,3,14,Fernando Alonso,Aston Martin Aramco Mercedes,5.0,57,+38.637,15.0,,,2023,No,1:36.156,
Bahrain,4,55,Carlos Sainz,Ferrari,4.0,57,+48.052,12.0,,,2023,No,1:37.130,
Bahrain,5,44,Lewis Hamilton,Mercedes,7.0,57,+50.977,10.0,,,2023,No,1:36.546,
Bahrain,6,18,Lance Stroll,Aston Martin Aramco Mercedes,8.0,57,+54.502,8.0,,,2023,No,1:36.546,
Bahrain,7,63,George Russell,Mercedes,6.0,57,+55.873,6.0,,,2023,No,1:37.221,
Bahrain,8,77,Valtteri Bottas,Alfa Romeo Ferrari,12.0,57,+72.647,4.0,,,2023,No,1:37.379,
Bahrain,9,10,Pierre Gasly,Alpine Renault,20.0,57,+73.753,2.0,,,2023,No,1:35.068,
Bahrain,10,23,Alexander Albon,Williams Mercedes,15.0,57,+89.774,1.0,,,2023,No,1:37.144,
Bahrain,11,22,Yuki Tsunoda,AlphaTauri Honda RBPT,14.0,57,+90.870,0.0,,,2023,No,1:36.637,
Bahrain,12,2,Logan Sargeant,Williams Mercedes,16.0,56,+1 lap,0.0,,,2023,No,1:36.037,
Bahrain,13,20,Kevin Magnussen,Haas Ferrari,17.0,56,+1 lap,0.0,,,2023,No,1:36.471,
Bahrain,14,21,Nyck De Vries,AlphaTauri Honda RBPT,19.0,56,+1 lap,0.0,,,2023,No,1:37.709,
Bahrain,15,27,Nico Hulkenberg,Haas Ferrari,10.0,56,+1 lap,0.0,,,2023,No,1:36.616,
Bahrain,16,24,Guanyu Zhou,Alfa Romeo Ferrari,13.0,56,+1 lap,0.0,,,2023,Yes,1:33.996,
Bahrain,17,4,Lando Norris,McLaren Mercedes,11.0,55,+2 laps,0.0,,,2023,No,1:35.822,
Bahrain,NC,31,Esteban Ocon,Alpine Renault,9.0,41,DNF,0.0,,,2023,No,1:36.797,
Bahrain,NC,16,Charles Leclerc,Ferrari,3.0,39,DNF,0.0,,,2023,No,1:37.170,
Bahrain,NC,81,Oscar Piastri,McLaren Mercedes,18.0,13,DNF,0.0,,,2023,No,1:40.691,
Saudi Arabia,1,11,Sergio Perez,Red Bull Racing Honda RBPT,1.0,50,1:21:14.894,25.0,,,2023,No,1:32.188,
Saudi Arabia,2,1,Max Verstappen,Red Bull Racing Honda RBPT,15.0,50,+5.335,19.0,,,2023,Yes,1:31.906,
Saudi Arabia,3,14,Fernando Alonso,Aston Martin Aramco Mercedes,2.0,50,+20.728,15.0,,,2023,No,1:32.240,
Saudi Arabia,4,63,George Russell,Mercedes,3.0,50,+25.866,12.0,,,2023,No,1:32.433,
Saudi Arabia,5,44,Lewis Hamilton,Mercedes,7.0,50,+31.065,10.0,,,2023,No,1:32.941,
Saudi Arabia,6,55,Carlos Sainz,Ferrari,4.0,50,+35.876,8.0,,,2023,No,1:32.822,
Saudi Arabia,7,16,Charles Leclerc,Ferrari,12.0,50,+43.162,6.0,,,2023,No,1:33.056,
Saudi Arabia,8,31,Esteban Ocon,Alpine Renault,6.0,50,+52.832,4.0,,,2023,No,1:33.222,
Saudi Arabia,9,10,Pierre Gasly,Alpine Renault,9.0,50,+54.747,2.0,,,2023,No,1:33.392,
Saudi Arabia,10,20,Kevin Magnussen,Haas Ferrari,13.0,50,+64.826,1.0,,,2023,No,1:33.374,
Saudi Arabia,11,22,Yuki Tsunoda,AlphaTauri Honda RBPT,16.0,50,+67.494,0.0,,,2023,No,1:33.931,
Saudi Arabia,12,27,Nico Hulkenberg,Haas Ferrari,10.0,50,+70.588,0.0,,,2023,No,1:33.780,
Saudi Arabia,13,24,Guanyu Zhou,Alfa Romeo Ferrari,11.0,50,+76.060,0.0,,,2023,No,1:33.894,
Saudi Arabia,14,21,Nyck De Vries,AlphaTauri Honda RBPT,18.0,50,+77.478,0.0,,,2023,No,1:33.609,
Saudi Arabia,15,81,Oscar Piastri,McLaren Mercedes,8.0,50,+85.021,0.0,,,2023,No,1:34.287,
Saudi Arabia,16,2,Logan Sargeant,Williams Mercedes,20.0,50,+86.293,0.0,,,2023,No,1:34.469,
Saudi Arabia,17,4,Lando Norris,McLaren Mercedes,19.0,50,+86.445,0.0,,,2023,No,1:34.122,
Saudi Arabia,18,77,Valtteri Bottas,Alfa Romeo Ferrari,14.0,49,+1 lap,0.0,,,2023,No,1:34.384,
Saudi Arabia,NC,23,Alexander Albon,Williams Mercedes,17.0,27,DNF,0.0,,,2023,No,1:35.567,
Saudi Arabia,NC,18,Lance Stroll,Aston Martin Aramco Mercedes,5.0,16,DNF,0.0,,,2023,No,1:35.140,
Australia,1,1,Max Verstappen,Red Bull Racing Honda RBPT,1.0,58,2:32:28.371,25.0,,,2023,No,1:20.342,
Australia,2,44,Lewis Hamilton,Mercedes,3.0,58,+0.179,18.0,,,2023,No,1:20.613,
Australia,3,14,Fernando Alonso,Aston Martin Aramco Mercedes,4.0,58,+0.769,15.0,,,2023,No,1:20.476,
Australia,4,18,Lance Stroll,Aston Martin Aramco Mercedes,6.0,58,+3.082,12.0,,,2023,No,1:20.934,
Australia,5,11,Sergio Perez,Red Bull Racing Honda RBPT,20.0,58,+3.320,11.0,,,2023,Yes,1:20.235,
Australia,6,4,Lando Norris,McLaren Mercedes,13.0,58,+3.701,8.0,,,2023,No,1:21.173,
Australia,7,27,Nico Hulkenberg,Haas Ferrari,10.0,58,+4.939,6.0,,,2023,No,1:21.124,
Australia,8,81,Oscar Piastri,McLaren Mercedes,16.0,58,+5.382,4.0,,,2023,No,1:21.335,
Australia,9,24,Guanyu Zhou,Alfa Romeo Ferrari,17.0,58,+5.713,2.0,,,2023,No,1:21.819,
Australia,10,22,Yuki Tsunoda,AlphaTauri Honda RBPT,12.0,58,+6.052,1.0,,,2023,No,1:21.789,
Australia,11,77,Valtteri Bottas,Alfa Romeo Ferrari,19.0,58,+6.513,0.0,,,2023,No,1:22.233,
Australia,12,55,Carlos Sainz,Ferrari,5.0,58,+6.594,0.0,,,2023,No,1:20.467,
Australia,13,10,Pierre Gasly,Alpine Renault,9.0,56,DNF,0.0,,,2023,No,1:20.995,
Australia,14,31,Esteban Ocon,Alpine Renault,11.0,56,DNF,0.0,,,2023,No,1:21.203,
Australia,15,21,Nyck De Vries,AlphaTauri Honda RBPT,15.0,56,DNF,0.0,,,2023,No,1:21.183,
Australia,16,2,Logan Sargeant,Williams Mercedes,18.0,56,DNF,0.0,,,2023,No,1:21.456,
Australia,17,20,Kevin Magnussen,Haas Ferrari,14.0,52,DNF,0.0,,,2023,No,1:21.685,
Australia,NC,63,George Russell,Mercedes,2.0,17,DNF,0.0,,,2023,No,1:22.680,
Australia,NC,23,Alexander Albon,Williams Mercedes,8.0,6,DNF,0.0,,,2023,No,1:23.349,
Australia,NC,16,Charles Leclerc,Ferrari,7.0,0,DNF,0.0,,,2023,No,,
Azerbaijan,1,11,Sergio Perez,Red Bull Racing Honda RBPT,3.0,51,1:32:42.436,25.0,,,2023,No,1:44.589,
Azerbaijan,2,1,Max Verstappen,Red Bull Racing Honda RBPT,2.0,51,+2.137,18.0,,,2023,No,1:44.232,
Azerbaijan,3,16,Charles Leclerc,Ferrari,1.0,51,+21.217,15.0,,,2023,No,1:44.561,
Azerbaijan,4,14,Fernando Alonso,Aston Martin Aramco Mercedes,6.0,51,+22.024,12.0,,,2023,No,1:44.241,
Azerbaijan,5,55,Carlos Sainz,Ferrari,4.0,51,+45.491,10.0,,,2023,No,1:45.175,
Azerbaijan,6,44,Lewis Hamilton,Mercedes,5.0,51,+46.145,8.0,,,2023,No,1:45.346,
Azerbaijan,7,18,Lance Stroll,Aston Martin Aramco Mercedes,9.0,51,+51.617,6.0,,,2023,No,1:45.627,
Azerbaijan,8,63,George Russell,Mercedes,11.0,51,+74.240,5.0,,,2023,Yes,1:43.370,
Azerbaijan,9,4,Lando Norris,McLaren Mercedes,7.0,51,+80.376,2.0,,,2023,No,1:45.738,
Azerbaijan,10,22,Yuki Tsunoda,AlphaTauri Honda RBPT,8.0,51,+83.862,1.0,,,2023,No,1:45.727,
Azerbaijan,11,81,Oscar Piastri,McLaren Mercedes,10.0,51,+86.501,0.0,,,2023,No,1:45.631,
Azerbaijan,12,23,Alexander Albon,Williams Mercedes,12.0,51,+88.623,0.0,,,2023,No,1:45.925,
Azerbaijan,13,20,Kevin Magnussen,Haas Ferrari,16.0,51,+89.729,0.0,,,2023,No,1:45.850,
Azerbaijan,14,10,Pierre Gasly,Alpine Renault,17.0,51,+91.332,0.0,,,2023,No,1:45.540,
Azerbaijan,15,31,Esteban Ocon,Alpine Renault,19.0,51,+97.794,0.0,,,2023,No,1:45.908,
Azerbaijan,16,2,Logan Sargeant,Williams Mercedes,14.0,51,+100.943,0.0,,,2023,No,1:46.501,
Azerbaijan,17,27,Nico Hulkenberg,Haas Ferrari,20.0,50,+1 lap,0.0,,,2023,No,1:46.731,
Azerbaijan,18,77,Valtteri Bottas,Alfa Romeo Ferrari,13.0,50,+1 lap,0.0,,,2023,No,1:46.304,
Azerbaijan,NC,24,Guanyu Zhou,Alfa Romeo Ferrari,15.0,36,DNF,0.0,,,2023,No,1:47.553,
Azerbaijan,NC,21,Nyck De Vries,AlphaTauri Honda RBPT,18.0,9,DNF,0.0,,,2023,No,1:48.781,
Miami,1,1,Max Verstappen,Red Bull Racing Honda RBPT,9.0,57,1:27:38.241,26.0,,,2023,Yes,1:29.708,
Miami,2,11,Sergio Perez,Red Bull Racing Honda RBPT,1.0,57,+5.384,18.0,,,2023,No,1:30.560,
Miami,3,14,Fernando Alonso,Aston Martin Aramco Mercedes,2.0,57,+26.305,15.0,,,2023,No,1:30.519,
Miami,4,63,George Russell,Mercedes,6.0,57,+33.229,12.0,,,2023,No,1:31.015,
Miami,5,55,Carlos Sainz,Ferrari,3.0,57,+42.511,10.0,,,2023,No,1:31.362,
Miami,6,44,Lewis Hamilton,Mercedes,13.0,57,+51.249,8.0,,,2023,No,1:30.669,
Miami,7,16,Charles Leclerc,Ferrari,7.0,57,+52.988,6.0,,,2023,No,1:31.434,
Miami,8,10,Pierre Gasly,Alpine Renault,5.0,57,+55.670,4.0,,,2023,No,1:31.971,
Miami,9,31,Esteban Ocon,Alpine Renault,8.0,57,+58.123,2.0,,,2023,No,1:31.143,
Miami,10,20,Kevin Magnussen,Haas Ferrari,4.0,57,+62.945,1.0,,,2023,No,1:31.691,
Miami,11,22,Yuki Tsunoda,AlphaTauri Honda RBPT,17.0,57,+64.309,0.0,,,2023,No,1:31.038,
Miami,12,18,Lance Stroll,Aston Martin Aramco Mercedes,18.0,57,+64.754,0.0,,,2023,No,1:30.862,
Miami,13,77,Valtteri Bottas,Alfa Romeo Ferrari,10.0,57,+71.637,0.0,,,2023,No,1:31.838,
Miami,14,23,Alexander Albon,Williams Mercedes,11.0,57,+72.861,0.0,,,2023,No,1:31.852,
Miami,15,27,Nico Hulkenberg,Haas Ferrari,12.0,57,+74.950,0.0,,,2023,No,1:30.901,
Miami,16,24,Guanyu Zhou,Alfa Romeo Ferrari,14.0,57,+78.440,0.0,,,2023,No,1:31.736,
Miami,17,4,Lando Norris,McLaren Mercedes,16.0,57,+87.717,0.0,,,2023,No,1:32.401,
Miami,18,21,Nyck De Vries,AlphaTauri Honda RBPT,15.0,57,+88.949,0.0,,,2023,No,1:31.562,
Miami,19,81,Oscar Piastri,McLaren Mercedes,19.0,56,+1 lap,0.0,,,2023,No,1:32.006,
Miami,20,2,Logan Sargeant,Williams Mercedes,20.0,56,+1 lap,0.0,,,2023,No,1:32.384,
Monaco,1,1,Max Verstappen,Red Bull Racing Honda RBPT,1.0,78,1:48:51.980,25.0,,,2023,No,1:16.604,
Monaco,2,14,Fernando Alonso,Aston Martin Aramco Mercedes,2.0,78,+27.921,18.0,,,2023,No,1:16.674,
Monaco,3,31,Esteban Ocon,Alpine Renault,3.0,78,+36.990,15.0,,,2023,No,1:16.528,
Monaco,4,44,Lewis Hamilton,Mercedes,5.0,78,+39.062,13.0,,,2023,Yes,1:15.650,
Monaco,5,63,George Russell,Mercedes,8.0,78,+56.284,10.0,,,2023,No,1:16.798,
Monaco,6,16,Charles Leclerc,Ferrari,6.0,78,+61.890,8.0,,,2023,No,1:15.773,
Monaco,7,10,Pierre Gasly,Alpine Renault,7.0,78,+62.362,6.0,,,2023,No,1:15.831,
Monaco,8,55,Carlos Sainz,Ferrari,4.0,78,+63.391,4.0,,,2023,No,1:16.449,
Monaco,9,4,Lando Norris,McLaren Mercedes,10.0,77,+1 lap,2.0,,,2023,No,1:17.844,
Monaco,10,81,Oscar Piastri,McLaren Mercedes,11.0,77,+1 lap,1.0,,,2023,No,1:17.513,
Monaco,11,77,Valtteri Bottas,Alfa Romeo Ferrari,15.0,77,+1 lap,0.0,,,2023,No,1:17.824,
Monaco,12,21,Nyck De Vries,AlphaTauri Honda RBPT,12.0,77,+1 lap,0.0,,,2023,No,1:17.561,
Monaco,13,24,Guanyu Zhou,Alfa Romeo Ferrari,19.0,77,+1 lap,0.0,,,2023,No,1:16.926,
Monaco,14,23,Alexander Albon,Williams Mercedes,13.0,77,+1 lap,0.0,,,2023,No,1:16.672,
Monaco,15,22,Yuki Tsunoda,AlphaTauri Honda RBPT,9.0,76,+2 laps,0.0,,,2023,No,1:17.680,
Monaco,16,11,Sergio Perez,Red Bull Racing Honda RBPT,20.0,76,+2 laps,0.0,,,2023,No,1:16.269,
Monaco,17,27,Nico Hulkenberg,Haas Ferrari,18.0,76,+2 laps,0.0,,,2023,No,1:16.991,
Monaco,18,2,Logan Sargeant,Williams Mercedes,16.0,76,+2 laps,0.0,,,2023,No,1:17.302,
Monaco,19,20,Kevin Magnussen,Haas Ferrari,17.0,70,DNF,0.0,,,2023,No,1:18.351,
Monaco,NC,18,Lance Stroll,Aston Martin Aramco Mercedes,14.0,53,DNF,0.0,,,2023,No,1:17.769,
Spain,1,1,Max Verstappen,Red Bull Racing Honda RBPT,1.0,66,1:27:57.940,26.0,,,2023,Yes,1:16.330,
Spain,2,44,Lewis Hamilton,Mercedes,4.0,66,+24.090,18.0,,,2023,No,1:16.676,
Spain,3,63,George Russell,Mercedes,12.0,66,+32.389,15.0,,,2023,No,1:17.875,
Spain,4,11,Sergio Perez,Red Bull Racing Honda RBPT,11.0,66,+35.812,12.0,,,2023,No,1:16.666,
Spain,5,55,Carlos Sainz,Ferrari,2.0,66,+45.698,10.0,,,2023,No,1:18.403,
Spain,6,18,Lance Stroll,Aston Martin Aramco Mercedes,5.0,66,+63.320,8.0,,,2023,No,1:18.722,
Spain,7,14,Fernando Alonso,Aston Martin Aramco Mercedes,8.0,66,+64.127,6.0,,,2023,No,1:18.083,
Spain,8,31,Esteban Ocon,Alpine Renault,6.0,66,+69.242,4.0,,,2023,No,1:18.946,
Spain,9,24,Guanyu Zhou,Alfa Romeo Ferrari,13.0,66,+71.878,2.0,,,2023,No,1:18.753,
Spain,10,10,Pierre Gasly,Alpine Renault,10.0,66,+73.530,1.0,,,2023,No,1:18.375,
Spain,11,16,Charles Leclerc,Ferrari,19.0,66,+74.419,0.0,,,2023,No,1:18.357,
Spain,12,22,Yuki Tsunoda,AlphaTauri Honda RBPT,15.0,66,+75.416,0.0,,,2023,No,1:18.904,
Spain,13,81,Oscar Piastri,McLaren Mercedes,9.0,65,+1 lap,0.0,,,2023,No,1:18.679,
Spain,14,21,Nyck De Vries,AlphaTauri Honda RBPT,14.0,65,+1 lap,0.0,,,2023,No,1:18.594,
Spain,15,27,Nico Hulkenberg,Haas Ferrari,7.0,65,+1 lap,0.0,,,2023,No,1:18.776,
Spain,16,23,Alexander Albon,Williams Mercedes,18.0,65,+1 lap,0.0,,,2023,No,1:19.133,
Spain,17,4,Lando Norris,McLaren Mercedes,3.0,65,+1 lap,0.0,,,2023,No,1:17.182,
Spain,18,20,Kevin Magnussen,Haas Ferrari,17.0,65,+1 lap,0.0,,,2023,No,1:18.069,
Spain,19,77,Valtteri Bottas,Alfa Romeo Ferrari,16.0,65,+1 lap,0.0,,,2023,No,1:18.242,
Spain,20,2,Logan Sargeant,Williams Mercedes,20.0,65,+1 lap,0.0,,,2023,No,1:19.247,
Canada,1,1,Max Verstappen,Red Bull Racing Honda RBPT,1.0,70,1:33:58.348,25.0,,,2023,No,1:15.594,
Canada,2,14,Fernando Alonso,Aston Martin Aramco Mercedes,2.0,70,+9.570,18.0,,,2023,No,1:15.779,
Canada,3,44,Lewis Hamilton,Mercedes,3.0,70,+14.168,15.0,,,2023,No,1:15.396,
Canada,4,16,Charles Leclerc,Ferrari,10.0,70,+18.648,12.0,,,2023,No,1:15.907,
Canada,5,55,Carlos Sainz,Ferrari,11.0,70,+21.540,10.0,,,2023,No,1:15.911,
Canada,6,11,Sergio Perez,Red Bull Racing Honda RBPT,12.0,70,+51.028,9.0,,,2023,Yes,1:14.481,
Canada,7,23,Alexander Albon,Williams Mercedes,9.0,70,+60.813,6.0,,,2023,No,1:16.917,
Canada,8,31,Esteban Ocon,Alpine Renault,6.0,70,+61.692,4.0,,,2023,No,1:16.782,
Canada,9,18,Lance Stroll,Aston Martin Aramco Mercedes,16.0,70,+64.402,2.0,,,2023,No,1:16.564,
Canada,10,77,Valtteri Bottas,Alfa Romeo Ferrari,14.0,70,+64.432,1.0,,,2023,No,1:16.625,
Canada,11,81,Oscar Piastri,McLaren Mercedes,8.0,70,+65.101,0.0,,,2023,No,1:16.598,
Canada,12,10,Pierre Gasly,Alpine Renault,15.0,70,+65.249,0.0,,,2023,No,1:16.425,
Canada,13,4,Lando Norris,McLaren Mercedes,7.0,70,+68.363,0.0,,,2023,No,1:16.374,
Canada,14,22,Yuki Tsunoda,AlphaTauri Honda RBPT,19.0,70,+73.423,0.0,,,2023,No,1:16.666,
Canada,15,27,Nico Hulkenberg,Haas Ferrari,5.0,69,+1 lap,0.0,,,2023,No,1:17.232,
Canada,16,24,Guanyu Zhou,Alfa Romeo Ferrari,20.0,69,+1 lap,0.0,,,2023,No,1:17.090,
Canada,17,20,Kevin Magnussen,Haas Ferrari,13.0,69,+1 lap,0.0,,,2023,No,1:16.126,
Canada,18,21,Nyck De Vries,AlphaTauri Honda RBPT,17.0,69,+1 lap,0.0,,,2023,No,1:16.656,
Canada,NC,63,George Russell,Mercedes,4.0,53,DNF,0.0,,,2023,No,1:17.097,
Canada,NC,2,Logan Sargeant,Williams Mercedes,18.0,6,DNF,0.0,,,2023,No,1:18.437,
Austria,1,1,Max Verstappen,Red Bull Racing Honda RBPT,1.0,71,1:25:33.607,26.0,,,2023,Yes,1:07.012,
Austria,2,16,Charles Leclerc,Ferrari,2.0,71,+5.155,18.0,,,2023,No,1:08.820,
Austria,3,11,Sergio Perez,Red Bull Racing Honda RBPT,15.0,71,+17.188,15.0,,,2023,No,1:08.111,
Austria,4,4,Lando Norris,McLaren Mercedes,4.0,71,+26.327,12.0,,,2023,No,1:08.739,
Austria,5,14,Fernando Alonso,Aston Martin Aramco Mercedes,7.0,71,+30.317,10.0,,,2023,No,1:09.108,
Austria,6,55,Carlos Sainz,Ferrari,3.0,71,+31.377,8.0,,,2023,No,1:08.880,
Austria,7,63,George Russell,Mercedes,11.0,71,+48.403,6.0,,,2023,No,1:09.283,
Austria,8,44,Lewis Hamilton,Mercedes,5.0,71,+49.196,4.0,,,2023,No,1:09.160,
Austria,9,18,Lance Stroll,Aston Martin Aramco Mercedes,6.0,71,+59.043,2.0,,,2023,No,1:08.463,
Austria,10,10,Pierre Gasly,Alpine Renault,9.0,71,+67.667,1.0,,,2023,No,1:09.046,
Austria,11,23,Alexander Albon,Williams Mercedes,10.0,71,+79.767,0.0,,,2023,No,1:09.560,
Austria,12,24,Guanyu Zhou,Alfa Romeo Ferrari,17.0,70,+1 lap,0.0,,,2023,No,1:09.786,
Austria,13,2,Logan Sargeant,Williams Mercedes,18.0,70,+1 lap,0.0,,,2023,No,1:09.611,
Austria,14,31,Esteban Ocon,Alpine Renault,12.0,70,+1 lap,0.0,,,2023,No,1:09.797,
Austria,15,77,Valtteri Bottas,Alfa Romeo Ferrari,14.0,70,+1 lap,0.0,,,2023,No,1:09.940,
Austria,16,81,Oscar Piastri,McLaren Mercedes,13.0,70,+1 lap,0.0,,,2023,No,1:09.862,
Austria,17,21,Nyck De Vries,AlphaTauri Honda RBPT,20.0,70,+1 lap,0.0,,,2023,No,1:09.852,
Austria,18,20,Kevin Magnussen,Haas Ferrari,19.0,70,+1 lap,0.0,,,2023,No,1:10.176,
Austria,19,22,Yuki Tsunoda,AlphaTauri Honda RBPT,16.0,70,+1 lap,0.0,,,2023,No,1:09.620,
Austria,NC,27,Nico Hulkenberg,Haas Ferrari,8.0,12,DNF,0.0,,,2023,No,1:11.066,
Great Britain,1,1,Max Verstappen,Red Bull Racing Honda RBPT,1.0,52,1:25:16.938,26.0,,,2023,Yes,1:30.275,
Great Britain,2,4,Lando Norris,McLaren Mercedes,2.0,52,+3.798,18.0,,,2023,No,1:30.543,
Great Britain,3,44,Lewis Hamilton,Mercedes,7.0,52,+6.783,15.0,,,2023,No,1:30.545,
Great Britain,4,81,Oscar Piastri,McLaren Mercedes,3.0,52,+7.776,12.0,,,2023,No,1:30.850,
Great Britain,5,63,George Russell,Mercedes,6.0,52,+11.206,10.0,,,2023,No,1:31.124,
Great Britain,6,11,Sergio Perez,Red Bull Racing Honda RBPT,15.0,52,+12.882,8.0,,,2023,No,1:30.914,
Great Britain,7,14,Fernando Alonso,Aston Martin Aramco Mercedes,9.0,52,+17.193,6.0,,,2023,No,1:31.338,
Great Britain,8,23,Alexander Albon,Williams Mercedes,8.0,52,+17.878,4.0,,,2023,No,1:31.273,
Great Britain,9,16,Charles Leclerc,Ferrari,4.0,52,+18.689,2.0,,,2023,No,1:31.255,
Great Britain,10,55,Carlos Sainz,Ferrari,5.0,52,+19.448,1.0,,,2023,No,1:31.366,
Great Britain,11,2,Logan Sargeant,Williams Mercedes,14.0,52,+23.632,0.0,,,2023,No,1:31.699,
Great Britain,12,77,Valtteri Bottas,Alfa Romeo Ferrari,20.0,52,+25.830,0.0,,,2023,No,1:31.852,
Great Britain,13,27,Nico Hulkenberg,Haas Ferrari,11.0,52,+26.663,0.0,,,2023,No,1:31.776,
Great Britain,14,18,Lance Stroll,Aston Martin Aramco Mercedes,12.0,52,+27.483,0.0,,,2023,No,1:31.508,
Great Britain,15,24,Guanyu Zhou,Alfa Romeo Ferrari,17.0,52,+29.820,0.0,,,2023,No,1:31.769,
Great Britain,16,22,Yuki Tsunoda,AlphaTauri Honda RBPT,16.0,52,+31.225,0.0,,,2023,No,1:32.084,
Great Britain,17,21,Nyck De Vries,AlphaTauri Honda RBPT,18.0,52,+33.128,0.0,,,2023,No,1:32.353,
Great Britain,18,10,Pierre Gasly,Alpine Renault,10.0,46,DNF,0.0,,,2023,No,1:31.539,
Great Britain,NC,20,Kevin Magnussen,Haas Ferrari,19.0,31,DNF,0.0,,,2023,No,1:33.356,
Great Britain,NC,31,Esteban Ocon,Alpine Renault,13.0,9,DNF,0.0,,,2023,No,1:33.941,
Hungary,1,1,Max Verstappen,Red Bull Racing Honda RBPT,2.0,70,1:38:08.634,26.0,,,2023,Yes,1:20.504,
Hungary,2,4,Lando Norris,McLaren Mercedes,3.0,70,+33.731,18.0,,,2023,No,1:22.178,
Hungary,3,11,Sergio Perez,Red Bull Racing Honda RBPT,9.0,70,+37.603,15.0,,,2023,No,1:22.295,
Hungary,4,44,Lewis Hamilton,Mercedes,1.0,70,+39.134,12.0,,,2023,No,1:21.601,
Hungary,5,81,Oscar Piastri,McLaren Mercedes,4.0,70,+62.572,10.0,,,2023,No,1:22.736,
Hungary,6,63,George Russell,Mercedes,18.0,70,+65.825,8.0,,,2023,No,1:22.158,
Hungary,7,16,Charles Leclerc,Ferrari,6.0,70,+70.317,6.0,,,2023,No,1:22.469,
Hungary,8,55,Carlos Sainz,Ferrari,11.0,70,+71.073,4.0,,,2023,No,1:22.584,
Hungary,9,14,Fernando Alonso,Aston Martin Aramco Mercedes,8.0,70,+75.709,2.0,,,2023,No,1:22.745,
Hungary,10,18,Lance Stroll,Aston Martin Aramco Mercedes,14.0,69,+1 lap,1.0,,,2023,No,1:23.425,
Hungary,11,23,Alexander Albon,Williams Mercedes,16.0,69,+1 lap,0.0,,,2023,No,1:24.051,
Hungary,12,77,Valtteri Bottas,Alfa Romeo Ferrari,7.0,69,+1 lap,0.0,,,2023,No,1:23.651,
Hungary,13,3,Daniel Ricciardo,AlphaTauri Honda RBPT,13.0,69,+1 lap,0.0,,,2023,No,1:23.934,
Hungary,14,27,Nico Hulkenberg,Haas Ferrari,10.0,69,+1 lap,0.0,,,2023,No,1:23.573,
Hungary,15,22,Yuki Tsunoda,AlphaTauri Honda RBPT,17.0,69,+1 lap,0.0,,,2023,No,1:23.269,
Hungary,16,24,Guanyu Zhou,Alfa Romeo Ferrari,5.0,69,+1 lap,0.0,,,2023,No,1:23.743,
Hungary,17,20,Kevin Magnussen,Haas Ferrari,19.0,69,+1 lap,0.0,,,2023,No,1:23.864,
Hungary,18,2,Logan Sargeant,Williams Mercedes,20.0,67,DNF,0.0,,,2023,No,1:23.496,
Hungary,NC,31,Esteban Ocon,Alpine Renault,12.0,2,DNF,0.0,,,2023,No,,
Hungary,NC,10,Pierre Gasly,Alpine Renault,15.0,1,DNF,0.0,,,2023,No,,
Belgium,1,1,Max Verstappen,Red Bull Racing Honda RBPT,6.0,44,1:22:30.450,25.0,,,2023,No,1:48.922,
Belgium,2,11,Sergio Perez,Red Bull Racing Honda RBPT,2.0,44,+22.305,18.0,,,2023,No,1:50.308,
Belgium,3,16,Charles Leclerc,Ferrari,1.0,44,+32.259,15.0,,,2023,No,1:50.436,
Belgium,4,44,Lewis Hamilton,Mercedes,3.0,44,+49.671,13.0,,,2023,Yes,1:47.305,
Belgium,5,14,Fernando Alonso,Aston Martin Aramco Mercedes,9.0,44,+56.184,10.0,,,2023,No,1:50.938,
Belgium,6,63,George Russell,Mercedes,8.0,44,+63.101,8.0,,,2023,No,1:50.603,
Belgium,7,4,Lando Norris,McLaren Mercedes,7.0,44,+73.719,6.0,,,2023,No,1:51.682,
Belgium,8,31,Esteban Ocon,Alpine Renault,14.0,44,+74.719,4.0,,,2023,No,1:50.439,
Belgium,9,18,Lance Stroll,Aston Martin Aramco Mercedes,10.0,44,+79.340,2.0,,,2023,No,1:51.297,
Belgium,10,22,Yuki Tsunoda,AlphaTauri Honda RBPT,11.0,44,+80.221,1.0,,,2023,No,1:51.394,
Belgium,11,10,Pierre Gasly,Alpine Renault,12.0,44,+83.084,0.0,,,2023,No,1:50.911,
Belgium,12,77,Valtteri Bottas,Alfa Romeo Ferrari,13.0,44,+85.191,0.0,,,2023,No,1:50.515,
Belgium,13,24,Guanyu Zhou,Alfa Romeo Ferrari,17.0,44,+95.441,0.0,,,2023,No,1:50.188,
Belgium,14,23,Alexander Albon,Williams Mercedes,15.0,44,+96.184,0.0,,,2023,No,1:49.841,
Belgium,15,20,Kevin Magnussen,Haas Ferrari,16.0,44,+101.754,0.0,,,2023,No,1:50.993,
Belgium,16,3,Daniel Ricciardo,AlphaTauri Honda RBPT,19.0,44,+103.071,0.0,,,2023,No,1:50.994,
Belgium,17,2,Logan Sargeant,Williams Mercedes,18.0,44,+104.476,0.0,,,2023,No,1:50.486,
Belgium,18,27,Nico Hulkenberg,Haas Ferrari,20.0,44,+110.450,0.0,,,2023,No,1:49.907,
Belgium,NC,55,Carlos Sainz,Ferrari,4.0,23,DNF,0.0,,,2023,No,1:53.138,
Belgium,NC,81,Oscar Piastri,McLaren Mercedes,5.0,0,DNF,0.0,,,2023,No,,
Netherlands,1,1,Max Verstappen,Red Bull Racing Honda RBPT,1.0,72,2:24:04.411,25.0,,,2023,No,1:13.889,
Netherlands,2,14,Fernando Alonso,Aston Martin Aramco Mercedes,5.0,72,+3.744,19.0,,,2023,Yes,1:13.837,
Netherlands,3,10,Pierre Gasly,Alpine Renault,12.0,72,+7.058,15.0,,,2023,No,1:14.441,
Netherlands,4,11,Sergio Perez,Red Bull Racing Honda RBPT,7.0,72,+10.068,12.0,,,2023,No,1:14.231,
Netherlands,5,55,Carlos Sainz,Ferrari,6.0,72,+12.541,10.0,,,2023,No,1:14.934,
Netherlands,6,44,Lewis Hamilton,Mercedes,13.0,72,+13.209,8.0,,,2023,No,1:13.904,
Netherlands,7,4,Lando Norris,McLaren Mercedes,2.0,72,+13.232,6.0,,,2023,No,1:14.390,
Netherlands,8,23,Alexander Albon,Williams Mercedes,4.0,72,+15.155,4.0,,,2023,No,1:14.468,
Netherlands,9,81,Oscar Piastri,McLaren Mercedes,8.0,72,+16.580,2.0,,,2023,No,1:14.299,
Netherlands,10,31,Esteban Ocon,Alpine Renault,16.0,72,+18.346,1.0,,,2023,No,1:14.570,
Netherlands,11,18,Lance Stroll,Aston Martin Aramco Mercedes,11.0,72,+20.087,0.0,,,2023,No,1:15.171,
Netherlands,12,27,Nico Hulkenberg,Haas Ferrari,14.0,72,+20.840,0.0,,,2023,No,1:14.472,
Netherlands,13,40,Liam Lawson,AlphaTauri Honda RBPT,19.0,72,+26.147,0.0,,,2023,No,1:14.820,
Netherlands,14,77,Valtteri Bottas,Alfa Romeo Ferrari,18.0,72,+27.388,0.0,,,2023,No,1:14.698,
Netherlands,15,22,Yuki Tsunoda,AlphaTauri Honda RBPT,17.0,72,+29.893,0.0,,,2023,No,1:16.253,
Netherlands,16,20,Kevin Magnussen,Haas Ferrari,20.0,72,+31.410,0.0,,,2023,No,1:15.489,
Netherlands,17,63,George Russell,Mercedes,3.0,72,+55.754,0.0,,,2023,No,1:15.124,
Netherlands,NC,24,Guanyu Zhou,Alfa Romeo Ferrari,15.0,62,DNF,0.0,,,2023,No,1:15.417,
Netherlands,NC,16,Charles Leclerc,Ferrari,9.0,41,DNF,0.0,,,2023,No,1:17.277,
Netherlands,NC,2,Logan Sargeant,Williams Mercedes,10.0,14,DNF,0.0,,,2023,No,1:17.399,
Italy,1,1,Max Verstappen,Red Bull Racing Honda RBPT,2.0,51,1:13:41.143,25.0,,,2023,No,1:25.240,
Italy,2,11,Sergio Perez,Red Bull Racing Honda RBPT,5.0,51,+6.064,18.0,,,2023,No,1:25.522,
Italy,3,55,Carlos Sainz,Ferrari,1.0,51,+11.193,15.0,,,2023,No,1:25.501,
Italy,4,16,Charles Leclerc,Ferrari,3.0,51,+11.377,12.0,,,2023,No,1:25.580,
Italy,5,63,George Russell,Mercedes,4.0,51,+23.028,10.0,,,2023,No,1:25.847,
Italy,6,44,Lewis Hamilton,Mercedes,8.0,51,+42.679,8.0,,,2023,No,1:25.582,
Italy,7,23,Alexander Albon,Williams Mercedes,6.0,51,+45.106,6.0,,,2023,No,1:26.389,
Italy,8,4,Lando Norris,McLaren Mercedes,9.0,51,+45.449,4.0,,,2023,No,1:26.144,
Italy,9,14,Fernando Alonso,Aston Martin Aramco Mercedes,10.0,51,+46.294,2.0,,,2023,No,1:26.105,
Italy,10,77,Valtteri Bottas,Alfa Romeo Ferrari,14.0,51,+64.056,1.0,,,2023,No,1:25.988,
Italy,11,40,Liam Lawson,AlphaTauri Honda RBPT,12.0,51,+70.638,0.0,,,2023,No,1:25.842,
Italy,12,81,Oscar Piastri,McLaren Mercedes,7.0,51,+73.074,0.0,,,2023,Yes,1:25.072,
Italy,13,2,Logan Sargeant,Williams Mercedes,15.0,51,+78.557,0.0,,,2023,No,1:26.840,
Italy,14,24,Guanyu Zhou,Alfa Romeo Ferrari,16.0,51,+80.164,0.0,,,2023,No,1:25.983,
Italy,15,10,Pierre Gasly,Alpine Renault,17.0,51,+82.510,0.0,,,2023,No,1:25.758,
Italy,16,18,Lance Stroll,Aston Martin Aramco Mercedes,20.0,51,+87.266,0.0,,,2023,No,1:26.617,
Italy,17,27,Nico Hulkenberg,Haas Ferrari,13.0,50,+1 lap,0.0,,,2023,No,1:25.894,
Italy,18,20,Kevin Magnussen,Haas Ferrari,19.0,50,+1 lap,0.0,,,2023,No,1:26.278,
Italy,NC,31,Esteban Ocon,Alpine Renault,18.0,39,DNF,0.0,,,2023,No,1:26.963,
Italy,NC,22,Yuki Tsunoda,AlphaTauri Honda RBPT,11.0,0,DNS,0.0,,,2023,No,,
Singapore,1,55,Carlos Sainz,Ferrari,1.0,62,1:46:37.418,25.0,,,2023,No,1:37.666,
Singapore,2,4,Lando Norris,McLaren Mercedes,4.0,62,+0.812,18.0,,,2023,No,1:38.046,
Singapore,3,44,Lewis Hamilton,Mercedes,5.0,62,+1.269,16.0,,,2023,Yes,1:35.867,
Singapore,4,16,Charles Leclerc,Ferrari,3.0,62,+21.177,12.0,,,2023,No,1:38.275,
Singapore,5,1,Max Verstappen,Red Bull Racing Honda RBPT,11.0,62,+21.441,10.0,,,2023,No,1:36.575,
Singapore,6,10,Pierre Gasly,Alpine Renault,12.0,62,+38.441,8.0,,,2023,No,1:38.277,
Singapore,7,81,Oscar Piastri,McLaren Mercedes,17.0,62,+41.479,6.0,,,2023,No,1:38.492,
Singapore,8,11,Sergio Perez,Red Bull Racing Honda RBPT,13.0,62,+54.534,4.0,,,2023,No,1:37.108,
Singapore,9,40,Liam Lawson,AlphaTauri Honda RBPT,10.0,62,+65.918,2.0,,,2023,No,1:39.028,
Singapore,10,20,Kevin Magnussen,Haas Ferrari,6.0,62,+72.116,1.0,,,2023,No,1:38.107,
Singapore,11,23,Alexander Albon,Williams Mercedes,14.0,62,+73.417,0.0,,,2023,No,1:37.342,
Singapore,12,24,Guanyu Zhou,Alfa Romeo Ferrari,19.0,62,+83.649,0.0,,,2023,No,1:39.316,
Singapore,13,27,Nico Hulkenberg,Haas Ferrari,9.0,62,+85.201,0.0,,,2023,No,1:39.923,
Singapore,14,2,Logan Sargeant,Williams Mercedes,18.0,62,+86.889,0.0,,,2023,No,1:38.531,
Singapore,15,14,Fernando Alonso,Aston Martin Aramco Mercedes,7.0,62,+87.603,0.0,,,2023,No,1:36.456,
Singapore,16,63,George Russell,Mercedes,2.0,61,DNF,0.0,,,2023,No,1:36.273,
Singapore,NC,77,Valtteri Bottas,Alfa Romeo Ferrari,16.0,51,DNF,0.0,,,2023,No,1:38.075,
Singapore,NC,31,Esteban Ocon,Alpine Renault,8.0,42,DNF,0.0,,,2023,No,1:39.930,
Singapore,NC,22,Yuki Tsunoda,AlphaTauri Honda RBPT,15.0,0,DNF,0.0,,,2023,No,,
Singapore,NC,18,Lance Stroll,Aston Martin Aramco Mercedes,20.0,0,DNS,0.0,,,2023,No,,
Japan,1,1,Max Verstappen,Red Bull Racing Honda RBPT,1.0,53,1:30:58.421,26.0,,,2023,Yes,1:34.183,
Japan,2,4,Lando Norris,McLaren Mercedes,3.0,53,+19.387,18.0,,,2023,No,1:35.247,
Japan,3,81,Oscar Piastri,McLaren Mercedes,2.0,53,+36.494,15.0,,,2023,No,1:36.328,
Japan,4,16,Charles Leclerc,Ferrari,4.0,53,+43.998,12.0,,,2023,No,1:36.362,
Japan,5,44,Lewis Hamilton,Mercedes,7.0,53,+49.376,10.0,,,2023,No,1:35.611,
Japan,6,55,Carlos Sainz,Ferrari,6.0,53,+50.221,8.0,,,2023,No,1:36.187,
Japan,7,63,George Russell,Mercedes,8.0,53,+57.659,6.0,,,2023,No,1:37.653,
Japan,8,14,Fernando Alonso,Aston Martin Aramco Mercedes,10.0,53,+74.725,4.0,,,2023,No,1:37.203,
Japan,9,31,Esteban Ocon,Alpine Renault,14.0,53,+79.678,2.0,,,2023,No,1:37.398,
Japan,10,10,Pierre Gasly,Alpine Renault,12.0,53,+83.155,1.0,,,2023,No,1:36.371,
Japan,11,40,Liam Lawson,AlphaTauri Honda RBPT,11.0,52,+1 lap,0.0,,,2023,No,1:38.267,
Japan,12,22,Yuki Tsunoda,AlphaTauri Honda RBPT,9.0,52,+1 lap,0.0,,,2023,No,1:37.768,
Japan,13,24,Guanyu Zhou,Alfa Romeo Ferrari,19.0,52,+1 lap,0.0,,,2023,No,1:37.791,
Japan,14,27,Nico Hulkenberg,Haas Ferrari,18.0,52,+1 lap,0.0,,,2023,No,1:37.250,
Japan,15,20,Kevin Magnussen,Haas Ferrari,15.0,52,+1 lap,0.0,,,2023,No,1:37.842,
Japan,NC,23,Alexander Albon,Williams Mercedes,13.0,26,DNF,0.0,,,2023,No,1:39.185,
Japan,NC,2,Logan Sargeant,Williams Mercedes,20.0,22,DNF,0.0,,,2023,No,1:38.848,
Japan,NC,18,Lance Stroll,Aston Martin Aramco Mercedes,17.0,20,DNF,0.0,,,2023,No,1:39.050,
Japan,NC,11,Sergio Perez,Red Bull Racing Honda RBPT,5.0,15,DNF,0.0,,,2023,No,1:39.704,
Japan,NC,77,Valtteri Bottas,Alfa Romeo Ferrari,16.0,7,DNF,0.0,,,2023,No,2:02.755,
Qatar,1,1,Max Verstappen,Red Bull Racing Honda RBPT,1.0,57,1:27:39.168,26.0,,,2023,Yes,1:24.319,
Qatar,2,81,Oscar Piastri,McLaren Mercedes,6.0,57,+4.833,18.0,,,2023,No,1:24.921,
Qatar,3,4,Lando Norris,McLaren Mercedes,10.0,57,+5.969,15.0,,,2023,No,1:24.842,
Qatar,4,63,George Russell,Mercedes,2.0,57,+34.119,12.0,,,2023,No,1:25.770,
Qatar,5,16,Charles Leclerc,Ferrari,5.0,57,+38.976,10.0,,,2023,No,1:24.992,
Qatar,6,14,Fernando Alonso,Aston Martin Aramco Mercedes,4.0,57,+49.032,8.0,,,2023,No,1:26.045,
Qatar,7,31,Esteban Ocon,Alpine Renault,8.0,57,+62.390,6.0,,,2023,No,1:26.450,
Qatar,8,77,Valtteri Bottas,Alfa Romeo Ferrari,9.0,57,+66.563,4.0,,,2023,No,1:26.652,
Qatar,9,24,Guanyu Zhou,Alfa Romeo Ferrari,19.0,57,+76.127,2.0,,,2023,No,1:26.323,
Qatar,10,11,Sergio Perez,Red Bull Racing Honda RBPT,20.0,57,+80.181,1.0,,,2023,No,1:26.220,
Qatar,11,18,Lance Stroll,Aston Martin Aramco Mercedes,16.0,57,+81.652,0.0,,,2023,No,1:26.352,
Qatar,12,10,Pierre Gasly,Alpine Renault,7.0,57,+82.300,0.0,,,2023,No,1:26.310,
Qatar,13,23,Alexander Albon,Williams Mercedes,13.0,57,+91.014,0.0,,,2023,No,1:26.666,
Qatar,14,20,Kevin Magnussen,Haas Ferrari,18.0,56,+1 lap,0.0,,,2023,No,1:27.067,
Qatar,15,22,Yuki Tsunoda,AlphaTauri Honda RBPT,11.0,56,+1 lap,0.0,,,2023,No,1:27.174,
Qatar,16,27,Nico Hulkenberg,Haas Ferrari,14.0,56,+1 lap,0.0,,,2023,No,1:26.499,
Qatar,17,40,Liam Lawson,AlphaTauri Honda RBPT,17.0,56,+1 lap,0.0,,,2023,No,1:27.113,
Qatar,NC,2,Logan Sargeant,Williams Mercedes,15.0,40,DNF,0.0,,,2023,No,1:27.983,
Qatar,NC,44,Lewis Hamilton,Mercedes,3.0,0,DNF,0.0,,,2023,No,,
Qatar,NC,55,Carlos Sainz,Ferrari,12.0,0,DNS,0.0,,,2023,No,,
United States,1,1,Max Verstappen,Red Bull Racing Honda RBPT,6.0,56,1:35:21.362,25.0,,,2023,No,1:40.028,
United States,DQ,44,Lewis Hamilton,Mercedes,3.0,56,+2.225,0.0,,,2023,No,1:39.582,
United States,2,4,Lando Norris,McLaren Mercedes,2.0,56,+10.730,18.0,,,2023,No,1:39.985,
United States,3,55,Carlos Sainz,Ferrari,4.0,56,+15.134,15.0,,,2023,No,1:40.034,
United States,4,11,Sergio Perez,Red Bull Racing Honda RBPT,9.0,56,+18.460,12.0,,,2023,No,1:39.737,
United States,DQ,16,Charles Leclerc,Ferrari,1.0,56,+24.662,0.0,,,2023,No,1:41.025,
United States,5,63,George Russell,Mercedes,5.0,56,+24.999,10.0,,,2023,No,1:39.393,
United States,6,10,Pierre Gasly,Alpine Renault,7.0,56,+47.996,8.0,,,2023,No,1:40.412,
United States,7,18,Lance Stroll,Aston Martin Aramco Mercedes,20.0,56,+48.696,6.0,,,2023,No,1:39.908,
United States,8,22,Yuki Tsunoda,AlphaTauri Honda RBPT,11.0,56,+74.385,5.0,,,2023,Yes,1:38.139,
United States,9,23,Alexander Albon,Williams Mercedes,15.0,56,+86.714,2.0,,,2023,No,1:41.371,
United States,10,2,Logan Sargeant,Williams Mercedes,16.0,56,+87.998,1.0,,,2023,No,1:41.238,
United States,11,27,Nico Hulkenberg,Haas Ferrari,18.0,56,+89.904,0.0,,,2023,No,1:40.925,
United States,12,77,Valtteri Bottas,Alfa Romeo Ferrari,13.0,56,+98.601,0.0,,,2023,No,1:41.972,
United States,13,24,Guanyu Zhou,Alfa Romeo Ferrari,12.0,55,+1 lap,0.0,,,2023,No,1:41.879,
United States,14,20,Kevin Magnussen,Haas Ferrari,17.0,55,+1 lap,0.0,,,2023,No,1:41.506,
United States,15,3,Daniel Ricciardo,AlphaTauri Honda RBPT,14.0,55,+1 lap,0.0,,,2023,No,1:39.366,
United States,NC,14,Fernando Alonso,Aston Martin Aramco Mercedes,19.0,49,DNF,0.0,,,2023,No,1:39.954,
United States,NC,81,Oscar Piastri,McLaren Mercedes,10.0,10,DNF,0.0,,,2023,No,1:42.705,
United States,NC,31,Esteban Ocon,Alpine Renault,8.0,6,DNF,0.0,,,2023,No,1:44.789,
Mexico,1,1,Max Verstappen,Red Bull Racing Honda RBPT,3.0,71,2:02:30.814,25.0,,,2023,No,1:21.644,
Mexico,2,44,Lewis Hamilton,Mercedes,6.0,71,+13.875,19.0,,,2023,Yes,1:21.334,
Mexico,3,16,Charles Leclerc,Ferrari,1.0,71,+23.124,15.0,,,2023,No,1:22.332,
Mexico,4,55,Carlos Sainz,Ferrari,2.0,71,+27.154,12.0,,,2023,No,1:22.539,
Mexico,5,4,Lando Norris,McLaren Mercedes,17.0,71,+33.266,10.0,,,2023,No,1:21.944,
Mexico,6,63,George Russell,Mercedes,8.0,71,+41.020,8.0,,,2023,No,1:22.780,
Mexico,7,3,Daniel Ricciardo,AlphaTauri Honda RBPT,4.0,71,+41.570,6.0,,,2023,No,1:22.679,
Mexico,8,81,Oscar Piastri,McLaren Mercedes,7.0,71,+43.104,4.0,,,2023,No,1:22.760,
Mexico,9,23,Alexander Albon,Williams Mercedes,14.0,71,+48.573,2.0,,,2023,No,1:22.773,
Mexico,10,31,Esteban Ocon,Alpine Renault,15.0,71,+62.879,1.0,,,2023,No,1:22.976,
Mexico,11,10,Pierre Gasly,Alpine Renault,11.0,71,+66.208,0.0,,,2023,No,1:23.230,
Mexico,12,22,Yuki Tsunoda,AlphaTauri Honda RBPT,18.0,71,+78.982,0.0,,,2023,No,1:22.501,
Mexico,13,27,Nico Hulkenberg,Haas Ferrari,12.0,71,+80.309,0.0,,,2023,No,1:23.222,
Mexico,14,24,Guanyu Zhou,Alfa Romeo Ferrari,10.0,71,+81.676,0.0,,,2023,No,1:23.567,
Mexico,15,77,Valtteri Bottas,Alfa Romeo Ferrari,9.0,71,+85.597,0.0,,,2023,No,1:23.166,
Mexico,16,2,Logan Sargeant,Williams Mercedes,19.0,70,DNF,0.0,,,2023,No,1:23.003,
Mexico,17,18,Lance Stroll,Aston Martin Aramco Mercedes,20.0,66,DNF,0.0,,,2023,No,1:23.257,
Mexico,NC,14,Fernando Alonso,Aston Martin Aramco Mercedes,13.0,47,DNF,0.0,,,2023,No,1:23.531,
Mexico,NC,20,Kevin Magnussen,Haas Ferrari,16.0,31,DNF,0.0,,,2023,No,1:23.146,
Mexico,NC,11,Sergio Perez,Red Bull Racing Honda RBPT,5.0,1,DNF,0.0,,,2023,No,,
Brazil,1,1,Max Verstappen,Red Bull Racing Honda RBPT,1.0,71,1:56:48.894,25.0,,,2023,No,1:13.422,
Brazil,2,4,Lando Norris,McLaren Mercedes,6.0,71,+8.227,19.0,,,2023,Yes,1:12.486,
Brazil,3,14,Fernando Alonso,Aston Martin Aramco Mercedes,4.0,71,+34.155,15.0,,,2023,No,1:14.442,
Brazil,4,11,Sergio Perez,Red Bull Racing Honda RBPT,9.0,71,+34.208,12.0,,,2023,No,1:14.124,
Brazil,5,18,Lance Stroll,Aston Martin Aramco Mercedes,3.0,71,+40.845,10.0,,,2023,No,1:14.007,
Brazil,6,55,Carlos Sainz,Ferrari,7.0,71,+50.188,8.0,,,2023,No,1:14.406,
Brazil,7,10,Pierre Gasly,Alpine Renault,15.0,71,+56.093,6.0,,,2023,No,1:14.521,
Brazil,8,44,Lewis Hamilton,Mercedes,5.0,71,+62.859,4.0,,,2023,No,1:14.739,
Brazil,9,22,Yuki Tsunoda,AlphaTauri Honda RBPT,16.0,71,+69.880,2.0,,,2023,No,1:14.231,
Brazil,10,31,Esteban Ocon,Alpine Renault,14.0,70,+1 lap,1.0,,,2023,No,1:14.206,
Brazil,11,2,Logan Sargeant,Williams Mercedes,19.0,70,+1 lap,0.0,,,2023,No,1:15.738,
Brazil,12,27,Nico Hulkenberg,Haas Ferrari,11.0,70,+1 lap,0.0,,,2023,No,1:15.036,
Brazil,13,3,Daniel Ricciardo,AlphaTauri Honda RBPT,17.0,70,+1 lap,0.0,,,2023,No,1:13.866,
Brazil,14,81,Oscar Piastri,McLaren Mercedes,10.0,69,+2 laps,0.0,,,2023,No,1:14.310,
Brazil,NC,63,George Russell,Mercedes,8.0,57,DNF,0.0,,,2023,No,1:14.934,
Brazil,NC,77,Valtteri Bottas,Alfa Romeo Ferrari,18.0,39,DNF,0.0,,,2023,No,1:15.731,
Brazil,NC,24,Guanyu Zhou,Alfa Romeo Ferrari,20.0,22,DNF,0.0,,,2023,No,1:16.232,
Brazil,NC,20,Kevin Magnussen,Haas Ferrari,12.0,0,DNF,0.0,,,2023,No,,
Brazil,NC,23,Alexander Albon,Williams Mercedes,13.0,0,DNF,0.0,,,2023,No,,
Brazil,NC,16,Charles Leclerc,Ferrari,2.0,0,DNS,0.0,,,2023,No,,
Las Vegas,1,1,Max Verstappen,Red Bull Racing Honda RBPT,2.0,50,1:29:08.289,25.0,,,2023,No,1:35.614,
Las Vegas,2,16,Charles Leclerc,Ferrari,1.0,50,+2.070,18.0,,,2023,No,1:35.669,
Las Vegas,3,11,Sergio Perez,Red Bull Racing Honda RBPT,11.0,50,+2.241,15.0,,,2023,No,1:35.939,
Las Vegas,4,31,Esteban Ocon,Alpine Renault,16.0,50,+18.665,12.0,,,2023,No,1:36.637,
Las Vegas,5,18,Lance Stroll,Aston Martin Aramco Mercedes,19.0,50,+20.067,10.0,,,2023,No,1:36.584,
Las Vegas,6,55,Carlos Sainz,Ferrari,12.0,50,+20.834,8.0,,,2023,No,1:35.984,
Las Vegas,7,44,Lewis Hamilton,Mercedes,10.0,50,+21.755,6.0,,,2023,No,1:35.716,
Las Vegas,8,63,George Russell,Mercedes,3.0,50,+23.091,4.0,,,2023,No,1:36.071,
Las Vegas,9,14,Fernando Alonso,Aston Martin Aramco Mercedes,9.0,50,+25.964,2.0,,,2023,No,1:36.559,
Las Vegas,10,81,Oscar Piastri,McLaren Mercedes,18.0,50,+29.496,2.0,,,2023,Yes,1:35.490,
Las Vegas,11,10,Pierre Gasly,Alpine Renault,4.0,50,+34.270,0.0,,,2023,No,1:36.913,
Las Vegas,12,23,Alexander Albon,Williams Mercedes,5.0,50,+43.398,0.0,,,2023,No,1:37.357,
Las Vegas,13,20,Kevin Magnussen,Haas Ferrari,8.0,50,+44.825,0.0,,,2023,No,1:37.455,
Las Vegas,14,3,Daniel Ricciardo,AlphaTauri Honda RBPT,14.0,50,+48.525,0.0,,,2023,No,1:37.108,
Las Vegas,15,24,Guanyu Zhou,Alfa Romeo Ferrari,17.0,50,+50.162,0.0,,,2023,No,1:37.375,
Las Vegas,16,2,Logan Sargeant,Williams Mercedes,6.0,50,+50.882,0.0,,,2023,No,1:37.740,
Las Vegas,17,77,Valtteri Bottas,Alfa Romeo Ferrari,7.0,50,+85.350,0.0,,,2023,No,1:37.562,
Las Vegas,18,22,Yuki Tsunoda,AlphaTauri Honda RBPT,20.0,46,DNF,0.0,,,2023,No,1:37.587,
Las Vegas,19,27,Nico Hulkenberg,Haas Ferrari,13.0,45,DNF,0.0,,,2023,No,1:37.565,
Las Vegas,NC,4,Lando Norris,McLaren Mercedes,15.0,2,DNF,0.0,,,2023,No,1:59.327,
Abu Dhabi,1,1,Max Verstappen,Red Bull Racing Honda RBPT,1.0,58,1:27:02.624,26.0,,,2023,Yes,1:26.993,
Abu Dhabi,2,16,Charles Leclerc,Ferrari,2.0,58,+17.993,18.0,,,2023,No,1:28.199,
Abu Dhabi,3,63,George Russell,Mercedes,4.0,58,+20.328,15.0,,,2023,No,1:28.187,
Abu Dhabi,4,11,Sergio Perez,Red Bull Racing Honda RBPT,9.0,58,+21.453,12.0,,,2023,No,1:27.493,
Abu Dhabi,5,4,Lando Norris,McLaren Mercedes,5.0,58,+24.284,10.0,,,2023,No,1:28.164,
Abu Dhabi,6,81,Oscar Piastri,McLaren Mercedes,3.0,58,+31.487,8.0,,,2023,No,1:28.138,
Abu Dhabi,7,14,Fernando Alonso,Aston Martin Aramco Mercedes,7.0,58,+39.512,6.0,,,2023,No,1:28.256,
Abu Dhabi,8,22,Yuki Tsunoda,AlphaTauri Honda RBPT,6.0,58,+43.088,4.0,,,2023,No,1:29.256,
Abu Dhabi,9,44,Lewis Hamilton,Mercedes,11.0,58,+44.424,2.0,,,2023,No,1:28.372,
Abu Dhabi,10,18,Lance Stroll,Aston Martin Aramco Mercedes,13.0,58,+55.632,1.0,,,2023,No,1:28.050,
Abu Dhabi,11,3,Daniel Ricciardo,AlphaTauri Honda RBPT,15.0,58,+56.229,0.0,,,2023,No,1:28.571,
Abu Dhabi,12,31,Esteban Ocon,Alpine Renault,12.0,58,+66.373,0.0,,,2023,No,1:30.033,
Abu Dhabi,13,10,Pierre Gasly,Alpine Renault,10.0,58,+70.360,0.0,,,2023,No,1:29.016,
Abu Dhabi,14,23,Alexander Albon,Williams Mercedes,14.0,58,+73.184,0.0,,,2023,No,1:27.845,
Abu Dhabi,15,27,Nico Hulkenberg,Haas Ferrari,8.0,58,+83.696,0.0,,,2023,No,1:29.217,
Abu Dhabi,16,2,Logan Sargeant,Williams Mercedes,20.0,58,+87.791,0.0,,,2023,No,1:28.580,
Abu Dhabi,17,24,Guanyu Zhou,Alfa Romeo Ferrari,19.0,58,+89.422,0.0,,,2023,No,1:28.746,
Abu Dhabi,18,55,Carlos Sainz,Ferrari,16.0,57,DNF,0.0,,,2023,No,1:29.452,
Abu Dhabi,19,77,Valtteri Bottas,Alfa Romeo Ferrari,18.0,57,+1 lap,0.0,,,2023,No,1:29.863,
Abu Dhabi,20,20,Kevin Magnussen,Haas Ferrari,17.0,57,+1 lap,0.0,,,2023,No,1:29.934,
Bahrain,1,1,Max Verstappen,Red Bull Racing Honda RBPT,1.0,57,1:31:44.742,26.0,,,2024,Yes,1:32.608,
Bahrain,2,11,Sergio Perez,Red Bull Racing Honda RBPT,5.0,57,+22.457,18.0,,,2024,No,1:34.364,
Bahrain,3,55,Carlos Sainz,Ferrari,4.0,57,+25.110,15.0,,,2024,No,1:34.507,
Bahrain,4,16,Charles Leclerc,Ferrari,2.0,57,+39.669,12.0,,,2024,No,1:34.090,
Bahrain,5,63,George Russell,Mercedes,3.0,57,+46.788,10.0,,,2024,No,1:35.065,
Bahrain,6,4,Lando Norris,McLaren Mercedes,7.0,57,+48.458,8.0,,,2024,No,1:34.476,
Bahrain,7,44,Lewis Hamilton,Mercedes,9.0,57,+50.324,6.0,,,2024,No,1:34.722,
Bahrain,8,81,Oscar Piastri,McLaren Mercedes,8.0,57,+56.082,4.0,,,2024,No,1:34.983,
Bahrain,9,14,Fernando Alonso,Aston Martin Aramco Mercedes,6.0,57,+74.887,2.0,,,2024,No,1:34.199,
Bahrain,10,18,Lance Stroll,Aston Martin Aramco Mercedes,12.0,57,+93.216,1.0,,,2024,No,1:35.632,
Bahrain,11,24,Guanyu Zhou,Kick Sauber Ferrari,17.0,56,+1 lap,0.0,,,2024,No,1:35.458,
Bahrain,12,20,Kevin Magnussen,Haas Ferrari,15.0,56,+1 lap,0.0,,,2024,No,1:35.570,
Bahrain,13,3,Daniel Ricciardo,RB Honda RBPT,14.0,56,+1 lap,0.0,,,2024,No,1:35.163,
Bahrain,14,22,Yuki Tsunoda,RB Honda RBPT,11.0,56,+1 lap,0.0,,,2024,No,1:35.833,
Bahrain,15,23,Alexander Albon,Williams Mercedes,13.0,56,+1 lap,0.0,,,2024,No,1:35.723,
Bahrain,16,27,Nico Hulkenberg,Haas Ferrari,10.0,56,+1 lap,0.0,,,2024,No,1:34.834,
Bahrain,17,31,Esteban Ocon,Alpine Renault,19.0,56,+1 lap,0.0,,,2024,No,1:36.226,
Bahrain,18,10,Pierre Gasly,Alpine Renault,20.0,56,+1 lap,0.0,,,2024,No,1:34.805,
Bahrain,19,77,Valtteri Bottas,Kick Sauber Ferrari,16.0,56,+1 lap,0.0,,,2024,No,1:36.202,
Bahrain,20,2,Logan Sargeant,Williams Mercedes,18.0,55,+2 laps,0.0,,,2024,No,1:34.735,
Saudi Arabia,1,1,Max Verstappen,Red Bull Racing Honda RBPT,1.0,50,1:20:43.273,25.0,,,2024,No,1:31.773,
Saudi Arabia,2,11,Sergio Perez,Red Bull Racing Honda RBPT,3.0,50,+13.643,18.0,,,2024,No,1:32.273,
Saudi Arabia,3,16,Charles Leclerc,Ferrari,2.0,50,+18.639,16.0,,,2024,Yes,1:31.632,
Saudi Arabia,4,81,Oscar Piastri,McLaren Mercedes,5.0,50,+32.007,12.0,,,2024,No,1:32.310,
Saudi Arabia,5,14,Fernando Alonso,Aston Martin Aramco Mercedes,4.0,50,+35.759,10.0,,,2024,No,1:32.387,
Saudi Arabia,6,63,George Russell,Mercedes,7.0,50,+39.936,8.0,,,2024,No,1:32.254,
Saudi Arabia,7,38,Oliver Bearman,Ferrari,11.0,50,+42.679,6.0,,,2024,No,1:32.186,
Saudi Arabia,8,4,Lando Norris,McLaren Mercedes,6.0,50,+45.708,4.0,,,2024,No,1:31.944,
Saudi Arabia,9,44,Lewis Hamilton,Mercedes,8.0,50,+47.391,2.0,,,2024,No,1:31.746,
Saudi Arabia,10,27,Nico Hulkenberg,Haas Ferrari,15.0,50,+76.996,1.0,,,2024,No,1:32.366,
Saudi Arabia,11,23,Alexander Albon,Williams Mercedes,12.0,50,+88.354,0.0,,,2024,No,1:32.307,
Saudi Arabia,12,20,Kevin Magnussen,Haas Ferrari,13.0,50,+105.737,0.0,,,2024,No,1:32.338,
Saudi Arabia,13,31,Esteban Ocon,Alpine Renault,17.0,49,+1 lap,0.0,,,2024,No,1:33.481,
Saudi Arabia,14,2,Logan Sargeant,Williams Mercedes,19.0,49,+1 lap,0.0,,,2024,No,1:33.026,
Saudi Arabia,15,22,Yuki Tsunoda,RB Honda RBPT,9.0,49,+1 lap,0.0,,,2024,No,1:33.523,
Saudi Arabia,16,3,Daniel Ricciardo,RB Honda RBPT,14.0,49,+1 lap,0.0,,,2024,No,1:33.323,
Saudi Arabia,17,77,Valtteri Bottas,Kick Sauber Ferrari,16.0,49,+1 lap,0.0,,,2024,No,1:32.706,
Saudi Arabia,18,24,Guanyu Zhou,Kick Sauber Ferrari,20.0,49,+1 lap,0.0,,,2024,No,1:32.208,
Saudi Arabia,NC,18,Lance Stroll,Aston Martin Aramco Mercedes,10.0,5,DNF,0.0,,,2024,No,1:35.560,
Saudi Arabia,NC,10,Pierre Gasly,Alpine Renault,18.0,1,DNF,0.0,,,2024,No,,
Australia,1,55,Carlos Sainz,Ferrari,2.0,58,1:20:26.843,25.0,,,2024,No,1:20.031,
Australia,2,16,Charles Leclerc,Ferrari,4.0,58,+2.366,19.0,,,2024,Yes,1:19.813,
Australia,3,4,Lando Norris,McLaren Mercedes,3.0,58,+5.904,15.0,,,2024,No,1:19.915,
Australia,4,81,Oscar Piastri,McLaren Mercedes,5.0,58,+35.770,12.0,,,2024,No,1:20.199,
Australia,5,11,Sergio Perez,Red Bull Racing Honda RBPT,6.0,58,+56.309,10.0,,,2024,No,1:20.388,
Australia,6,18,Lance Stroll,Aston Martin Aramco Mercedes,9.0,58,+93.222,8.0,,,2024,No,1:20.930,
Australia,7,22,Yuki Tsunoda,RB Honda RBPT,8.0,58,+95.601,6.0,,,2024,No,1:21.134,
Australia,8,14,Fernando Alonso,Aston Martin Aramco Mercedes,10.0,58,+100.992,4.0,,,2024,No,1:20.493,
Australia,9,27,Nico Hulkenberg,Haas Ferrari,16.0,58,+104.553,2.0,,,2024,No,1:21.145,
Australia,10,20,Kevin Magnussen,Haas Ferrari,14.0,57,+1 lap,1.0,,,2024,No,1:21.082,
Australia,11,23,Alexander Albon,Williams Mercedes,12.0,57,+1 lap,0.0,,,2024,No,1:21.618,
Australia,12,3,Daniel Ricciardo,RB Honda RBPT,18.0,57,+1 lap,0.0,,,2024,No,1:21.239,
Australia,13,10,Pierre Gasly,Alpine Renault,17.0,57,+1 lap,0.0,,,2024,No,1:21.090,
Australia,14,77,Valtteri Bottas,Kick Sauber Ferrari,13.0,57,+1 lap,0.0,,,2024,No,1:21.422,
Australia,15,24,Guanyu Zhou,Kick Sauber Ferrari,19.0,57,+1 lap,0.0,,,2024,No,1:21.327,
Australia,16,31,Esteban Ocon,Alpine Renault,15.0,57,+1 lap,0.0,,,2024,No,1:21.354,
Australia,17,63,George Russell,Mercedes,7.0,56,DNF,0.0,,,2024,No,1:20.284,
Australia,NC,44,Lewis Hamilton,Mercedes,11.0,15,DNF,0.0,,,2024,No,1:22.444,
Australia,NC,1,Max Verstappen,Red Bull Racing Honda RBPT,1.0,3,DNF,0.0,,,2024,No,1:23.115,
Japan,1,1,Max Verstappen,Red Bull Racing Honda RBPT,1.0,53,1:54:23.566,26.0,,,2024,Yes,1:33.706,
Japan,2,11,Sergio Perez,Red Bull Racing Honda RBPT,2.0,53,+12.535,18.0,,,2024,No,1:33.945,
Japan,3,55,Carlos Sainz,Ferrari,4.0,53,+20.866,15.0,,,2024,No,1:33.841,
Japan,4,16,Charles Leclerc,Ferrari,8.0,53,+26.522,12.0,,,2024,No,1:35.044,
Japan,5,4,Lando Norris,McLaren Mercedes,3.0,53,+29.700,10.0,,,2024,No,1:35.186,
Japan,6,14,Fernando Alonso,Aston Martin Aramco Mercedes,5.0,53,+44.272,8.0,,,2024,No,1:34.726,
Japan,7,63,George Russell,Mercedes,9.0,53,+45.951,6.0,,,2024,No,1:34.404,
Japan,8,81,Oscar Piastri,McLaren Mercedes,6.0,53,+47.525,4.0,,,2024,No,1:34.802,
Japan,9,44,Lewis Hamilton,Mercedes,7.0,53,+48.626,2.0,,,2024,No,1:33.952,
Japan,10,22,Yuki Tsunoda,RB Honda RBPT,10.0,52,+1 lap,1.0,,,2024,No,1:36.342,
Japan,11,27,Nico Hulkenberg,Haas Ferrari,12.0,52,+1 lap,0.0,,,2024,No,1:35.325,
Japan,12,18,Lance Stroll,Aston Martin Aramco Mercedes,16.0,52,+1 lap,0.0,,,2024,No,1:35.798,
Japan,13,20,Kevin Magnussen,Haas Ferrari,18.0,52,+1 lap,0.0,,,2024,No,1:36.654,
Japan,14,77,Valtteri Bottas,Kick Sauber Ferrari,13.0,52,+1 lap,0.0,,,2024,No,1:36.608,
Japan,15,31,Esteban Ocon,Alpine Renault,15.0,52,+1 lap,0.0,,,2024,No,1:36.232,
Japan,16,10,Pierre Gasly,Alpine Renault,17.0,52,+1 lap,0.0,,,2024,No,1:36.642,
Japan,17,2,Logan Sargeant,Williams Mercedes,19.0,52,+1 lap,0.0,,,2024,No,1:34.900,
Japan,NC,24,Guanyu Zhou,Kick Sauber Ferrari,20.0,12,DNF,0.0,,,2024,No,1:37.160,
Japan,NC,3,Daniel Ricciardo,RB Honda RBPT,11.0,0,DNF,0.0,,,2024,No,,
Japan,NC,23,Alexander Albon,Williams Mercedes,14.0,0,DNF,0.0,,,2024,No,,
China,1,1,Max Verstappen,Red Bull Racing Honda RBPT,1.0,56,1:40:52.554,25.0,,,2024,No,1:38.406,
China,2,4,Lando Norris,McLaren Mercedes,4.0,56,+13.773,18.0,,,2024,No,1:38.751,
China,3,11,Sergio Perez,Red Bull Racing Honda RBPT,2.0,56,+19.160,15.0,,,2024,No,1:39.388,
China,4,16,Charles Leclerc,Ferrari,6.0,56,+23.623,12.0,,,2024,No,1:39.384,
China,5,55,Carlos Sainz,Ferrari,7.0,56,+33.983,10.0,,,2024,No,1:39.764,
China,6,63,George Russell,Mercedes,8.0,56,+38.724,8.0,,,2024,No,1:40.112,
China,7,14,Fernando Alonso,Aston Martin Aramco Mercedes,3.0,56,+43.414,7.0,,,2024,Yes,1:37.810,
China,8,81,Oscar Piastri,McLaren Mercedes,5.0,56,+56.198,4.0,,,2024,No,1:39.739,
China,9,44,Lewis Hamilton,Mercedes,18.0,56,+57.986,2.0,,,2024,No,1:40.835,
China,10,27,Nico Hulkenberg,Haas Ferrari,9.0,56,+60.476,1.0,,,2024,No,1:40.815,
China,11,31,Esteban Ocon,Alpine Renault,13.0,56,+62.812,0.0,,,2024,No,1:40.937,
China,12,23,Alexander Albon,Williams Mercedes,14.0,56,+65.506,0.0,,,2024,No,1:40.790,
China,13,10,Pierre Gasly,Alpine Renault,15.0,56,+69.223,0.0,,,2024,No,1:39.198,
China,14,24,Guanyu Zhou,Kick Sauber Ferrari,16.0,56,+71.689,0.0,,,2024,No,1:38.633,
China,15,18,Lance Stroll,Aston Martin Aramco Mercedes,11.0,56,+82.786,0.0,,,2024,No,1:39.444,
China,16,20,Kevin Magnussen,Haas Ferrari,17.0,56,+87.533,0.0,,,2024,No,1:41.077,
China,17,2,Logan Sargeant,Williams Mercedes,20.0,56,+95.110,0.0,,,2024,No,1:41.000,
China,NC,3,Daniel Ricciardo,RB Honda RBPT,12.0,33,DNF,0.0,,,2024,No,1:40.994,
China,NC,22,Yuki Tsunoda,RB Honda RBPT,19.0,26,DNF,0.0,,,2024,No,1:41.593,
China,NC,77,Valtteri Bottas,Kick Sauber Ferrari,10.0,19,DNF,0.0,,,2024,No,1:41.276,
Miami,1,4,Lando Norris,McLaren Mercedes,5.0,57,1:30:49.876,25.0,,,2024,No,1:30.980,
Miami,2,1,Max Verstappen,Red Bull Racing Honda RBPT,1.0,57,+7.612,18.0,,,2024,No,1:31.261,
Miami,3,16,Charles Leclerc,Ferrari,2.0,57,+9.920,15.0,,,2024,No,1:31.084,
Miami,4,11,Sergio Perez,Red Bull Racing Honda RBPT,4.0,57,+14.650,12.0,,,2024,No,1:30.855,
Miami,5,55,Carlos Sainz,Ferrari,3.0,57,+16.407,10.0,,,2024,No,1:30.928,
Miami,6,44,Lewis Hamilton,Mercedes,8.0,57,+16.585,8.0,,,2024,No,1:31.233,
Miami,7,22,Yuki Tsunoda,RB Honda RBPT,10.0,57,+26.185,6.0,,,2024,No,1:31.682,
Miami,8,63,George Russell,Mercedes,7.0,57,+34.789,4.0,,,2024,No,1:31.921,
Miami,9,14,Fernando Alonso,Aston Martin Aramco Mercedes,15.0,57,+37.107,2.0,,,2024,No,1:31.727,
Miami,10,31,Esteban Ocon,Alpine Renault,13.0,57,+39.746,1.0,,,2024,No,1:32.037,
Miami,11,27,Nico Hulkenberg,Haas Ferrari,9.0,57,+40.789,0.0,,,2024,No,1:31.941,
Miami,12,10,Pierre Gasly,Alpine Renault,12.0,57,+44.958,0.0,,,2024,No,1:32.055,
Miami,13,81,Oscar Piastri,McLaren Mercedes,6.0,57,+49.756,0.0,,,2024,Yes,1:30.634,
Miami,14,24,Guanyu Zhou,Kick Sauber Ferrari,19.0,57,+49.979,0.0,,,2024,No,1:31.991,
Miami,15,3,Daniel Ricciardo,RB Honda RBPT,20.0,57,+50.956,0.0,,,2024,No,1:32.122,
Miami,16,77,Valtteri Bottas,Kick Sauber Ferrari,16.0,57,+52.356,0.0,,,2024,No,1:32.098,
Miami,17,18,Lance Stroll,Aston Martin Aramco Mercedes,11.0,57,+55.173,0.0,,,2024,No,1:31.588,
Miami,18,23,Alexander Albon,Williams Mercedes,14.0,57,+76.091,0.0,,,2024,No,1:30.849,
Miami,19,20,Kevin Magnussen,Haas Ferrari,18.0,57,+84.683,0.0,,,2024,No,1:31.774,
Miami,NC,2,Logan Sargeant,Williams Mercedes,17.0,27,DNF,0.0,,,2024,No,1:33.452,
Emilia Romagna,1,1,Max Verstappen,Red Bull Racing Honda RBPT,1.0,63,1:25:25.252,25.0,,,2024,No,1:20.366,
Emilia Romagna,2,4,Lando Norris,McLaren Mercedes,2.0,63,+0.725,18.0,,,2024,No,1:19.994,
Emilia Romagna,3,16,Charles Leclerc,Ferrari,3.0,63,+7.916,15.0,,,2024,No,1:19.935,
Emilia Romagna,4,81,Oscar Piastri,McLaren Mercedes,5.0,63,+14.132,12.0,,,2024,No,1:19.907,
Emilia Romagna,5,55,Carlos Sainz,Ferrari,4.0,63,+22.325,10.0,,,2024,No,1:20.220,
Emilia Romagna,6,44,Lewis Hamilton,Mercedes,8.0,63,+35.104,8.0,,,2024,No,1:20.331,
Emilia Romagna,7,63,George Russell,Mercedes,6.0,63,+47.154,7.0,,,2024,Yes,1:18.589,
Emilia Romagna,8,11,Sergio Perez,Red Bull Racing Honda RBPT,11.0,63,+54.776,4.0,,,2024,No,1:19.686,
Emilia Romagna,9,18,Lance Stroll,Aston Martin Aramco Mercedes,13.0,63,+79.556,2.0,,,2024,No,1:20.570,
Emilia Romagna,10,22,Yuki Tsunoda,RB Honda RBPT,7.0,62,+1 lap,1.0,,,2024,No,1:20.936,
Emilia Romagna,11,27,Nico Hulkenberg,Haas Ferrari,10.0,62,+1 lap,0.0,,,2024,No,1:21.700,
Emilia Romagna,12,20,Kevin Magnussen,Haas Ferrari,18.0,62,+1 lap,0.0,,,2024,No,1:21.009,
Emilia Romagna,13,3,Daniel Ricciardo,RB Honda RBPT,9.0,62,+1 lap,0.0,,,2024,No,1:21.569,
Emilia Romagna,14,31,Esteban Ocon,Alpine Renault,12.0,62,+1 lap,0.0,,,2024,No,1:21.304,
Emilia Romagna,15,24,Guanyu Zhou,Kick Sauber Ferrari,17.0,62,+1 lap,0.0,,,2024,No,1:21.016,
Emilia Romagna,16,10,Pierre Gasly,Alpine Renault,15.0,62,+1 lap,0.0,,,2024,No,1:21.371,
Emilia Romagna,17,2,Logan Sargeant,Williams Mercedes,19.0,62,+1 lap,0.0,,,2024,No,1:21.229,
Emilia Romagna,18,77,Valtteri Bottas,Kick Sauber Ferrari,16.0,62,+1 lap,0.0,,,2024,No,1:21.455,
Emilia Romagna,19,14,Fernando Alonso,Aston Martin Aramco Mercedes,20.0,62,+1 lap,0.0,,,2024,No,1:19.004,
Emilia Romagna,NC,23,Alexander Albon,Williams Mercedes,14.0,51,DNF,0.0,,,2024,No,1:21.274,
Monaco,1,16,Charles Leclerc,Ferrari,1.0,78,2:23:15.554,25.0,,,2024,No,1:15.162,
Monaco,2,81,Oscar Piastri,McLaren Mercedes,2.0,78,+7.152,18.0,,,2024,No,1:16.281,
Monaco,3,55,Carlos Sainz,Ferrari,3.0,78,+7.585,15.0,,,2024,No,1:14.726,
Monaco,4,4,Lando Norris,McLaren Mercedes,4.0,78,+8.650,12.0,,,2024,No,1:15.742,
Monaco,5,63,George Russell,Mercedes,5.0,78,+13.309,10.0,,,2024,No,1:15.228,
Monaco,6,1,Max Verstappen,Red Bull Racing Honda RBPT,6.0,78,+13.853,8.0,,,2024,No,1:14.569,
Monaco,7,44,Lewis Hamilton,Mercedes,7.0,78,+14.908,7.0,,,2024,Yes,1:14.165,
Monaco,8,22,Yuki Tsunoda,RB Honda RBPT,8.0,77,+1 lap,4.0,,,2024,No,1:14.720,
Monaco,9,23,Alexander Albon,Williams Mercedes,9.0,77,+1 lap,2.0,,,2024,No,1:17.060,
Monaco,10,10,Pierre Gasly,Alpine Renault,10.0,77,+1 lap,1.0,,,2024,No,1:15.625,
Monaco,11,14,Fernando Alonso,Aston Martin Aramco Mercedes,14.0,76,+2 laps,0.0,,,2024,No,1:17.939,
Monaco,12,3,Daniel Ricciardo,RB Honda RBPT,12.0,76,+2 laps,0.0,,,2024,No,1:17.172,
Monaco,13,77,Valtteri Bottas,Kick Sauber Ferrari,17.0,76,+2 laps,0.0,,,2024,No,1:16.561,
Monaco,14,18,Lance Stroll,Aston Martin Aramco Mercedes,13.0,76,+2 laps,0.0,,,2024,No,1:16.710,
Monaco,15,2,Logan Sargeant,Williams Mercedes,15.0,76,+2 laps,0.0,,,2024,No,1:15.525,
Monaco,16,24,Guanyu Zhou,Kick Sauber Ferrari,18.0,76,+2 laps,0.0,,,2024,No,1:14.718,
Monaco,NC,31,Esteban Ocon,Alpine Renault,11.0,0,DNF,0.0,,,2024,No,,
Monaco,NC,11,Sergio Perez,Red Bull Racing Honda RBPT,16.0,0,DNF,0.0,,,2024,No,,
Monaco,NC,27,Nico Hulkenberg,Haas Ferrari,19.0,0,DNF,0.0,,,2024,No,,
Monaco,NC,20,Kevin Magnussen,Haas Ferrari,20.0,0,DNF,0.0,,,2024,No,,
Canada,1,1,Max Verstappen,Red Bull Racing Honda RBPT,2.0,70,1:45:47.927,25.0,,,2024,No,1:15.569,
Canada,2,4,Lando Norris,McLaren Mercedes,3.0,70,+3.879,18.0,,,2024,No,1:15.558,
Canada,3,63,George Russell,Mercedes,1.0,70,+4.317,15.0,,,2024,No,1:14.895,
Canada,4,44,Lewis Hamilton,Mercedes,7.0,70,+4.915,13.0,,,2024,Yes,1:14.856,
Canada,5,81,Oscar Piastri,McLaren Mercedes,4.0,70,+10.199,10.0,,,2024,No,1:16.247,
Canada,6,14,Fernando Alonso,Aston Martin Aramco Mercedes,6.0,70,+17.510,8.0,,,2024,No,1:16.303,
Canada,7,18,Lance Stroll,Aston Martin Aramco Mercedes,9.0,70,+23.625,6.0,,,2024,No,1:16.762,
Canada,8,3,Daniel Ricciardo,RB Honda RBPT,5.0,70,+28.672,4.0,,,2024,No,1:17.076,
Canada,9,10,Pierre Gasly,Alpine Renault,15.0,70,+30.021,2.0,,,2024,No,1:17.013,
Canada,10,31,Esteban Ocon,Alpine Renault,18.0,70,+30.313,1.0,,,2024,No,1:17.012,
Canada,11,27,Nico Hulkenberg,Haas Ferrari,17.0,70,+30.824,0.0,,,2024,No,1:16.683,
Canada,12,20,Kevin Magnussen,Haas Ferrari,14.0,70,+31.253,0.0,,,2024,No,1:16.499,
Canada,13,77,Valtteri Bottas,Kick Sauber Ferrari,19.0,70,+40.487,0.0,,,2024,No,1:17.250,
Canada,14,22,Yuki Tsunoda,RB Honda RBPT,8.0,70,+52.694,0.0,,,2024,No,1:17.309,
Canada,15,24,Guanyu Zhou,Kick Sauber Ferrari,20.0,69,+1 lap,0.0,,,2024,No,1:17.325,
Canada,NC,55,Carlos Sainz,Ferrari,12.0,52,DNF,0.0,,,2024,No,1:18.957,
Canada,NC,23,Alexander Albon,Williams Mercedes,10.0,52,DNF,0.0,,,2024,No,1:19.359,
Canada,NC,11,Sergio Perez,Red Bull Racing Honda RBPT,16.0,51,DNF,0.0,,,2024,No,1:18.819,
Canada,NC,16,Charles Leclerc,Ferrari,11.0,40,DNF,0.0,,,2024,No,1:26.012,
Canada,NC,2,Logan Sargeant,Williams Mercedes,13.0,23,DNF,0.0,,,2024,No,1:26.484,
Spain,1,1,Max Verstappen,Red Bull Racing Honda RBPT,2.0,66,1:28:20.227,25.0,,,2024,No,1:17.776,
Spain,2,4,Lando Norris,McLaren Mercedes,1.0,66,+2.219,19.0,,,2024,Yes,1:17.115,
Spain,3,44,Lewis Hamilton,Mercedes,3.0,66,+17.790,15.0,,,2024,No,1:17.809,
Spain,4,63,George Russell,Mercedes,4.0,66,+22.320,12.0,,,2024,No,1:18.290,
Spain,5,16,Charles Leclerc,Ferrari,5.0,66,+22.709,10.0,,,2024,No,1:17.897,
Spain,6,55,Carlos Sainz,Ferrari,6.0,66,+31.028,8.0,,,2024,No,1:18.539,
Spain,7,81,Oscar Piastri,McLaren Mercedes,9.0,66,+33.760,6.0,,,2024,No,1:17.874,
Spain,8,11,Sergio Perez,Red Bull Racing Honda RBPT,11.0,66,+59.524,4.0,,,2024,No,1:17.785,
Spain,9,10,Pierre Gasly,Alpine Renault,7.0,66,+62.025,2.0,,,2024,No,1:19.045,
Spain,10,31,Esteban Ocon,Alpine Renault,8.0,66,+71.889,1.0,,,2024,No,1:18.982,
Spain,11,27,Nico Hulkenberg,Haas Ferrari,13.0,66,+79.215,0.0,,,2024,No,1:18.609,
Spain,12,14,Fernando Alonso,Aston Martin Aramco Mercedes,10.0,65,+1 lap,0.0,,,2024,No,1:18.334,
Spain,13,24,Guanyu Zhou,Kick Sauber Ferrari,15.0,65,+1 lap,0.0,,,2024,No,1:18.771,
Spain,14,18,Lance Stroll,Aston Martin Aramco Mercedes,14.0,65,+1 lap,0.0,,,2024,No,1:19.318,
Spain,15,3,Daniel Ricciardo,RB Honda RBPT,18.0,65,+1 lap,0.0,,,2024,No,1:19.450,
Spain,16,77,Valtteri Bottas,Kick Sauber Ferrari,12.0,65,+1 lap,0.0,,,2024,No,1:19.608,
Spain,17,20,Kevin Magnussen,Haas Ferrari,16.0,65,+1 lap,0.0,,,2024,No,1:19.805,
Spain,18,23,Alexander Albon,Williams Mercedes,20.0,65,+1 lap,0.0,,,2024,No,1:19.132,
Spain,19,22,Yuki Tsunoda,RB Honda RBPT,17.0,65,+1 lap,0.0,,,2024,No,1:19.447,
Spain,20,2,Logan Sargeant,Williams Mercedes,19.0,64,+2 laps,0.0,,,2024,No,1:20.172,
Austria,1,63,George Russell,Mercedes,3.0,71,1:24:22.798,25.0,,,2024,No,1:09.164,
Austria,2,81,Oscar Piastri,McLaren Mercedes,7.0,71,+1.906,18.0,,,2024,No,1:08.697,
Austria,3,55,Carlos Sainz,Ferrari,4.0,71,+4.533,15.0,,,2024,No,1:09.282,
Austria,4,44,Lewis Hamilton,Mercedes,5.0,71,+23.142,12.0,,,2024,No,1:09.562,
Austria,5,1,Max Verstappen,Red Bull Racing Honda RBPT,1.0,71,+37.253,10.0,,,2024,No,1:07.719,
Austria,6,27,Nico Hulkenberg,Haas Ferrari,9.0,71,+54.088,8.0,,,2024,No,1:10.215,
Austria,7,11,Sergio Perez,Red Bull Racing Honda RBPT,8.0,71,+54.672,6.0,,,2024,No,1:09.694,
Austria,8,20,Kevin Magnussen,Haas Ferrari,12.0,71,+60.355,4.0,,,2024,No,1:10.125,
Austria,9,3,Daniel Ricciardo,RB Honda RBPT,11.0,71,+61.169,2.0,,,2024,No,1:10.426,
Austria,10,10,Pierre Gasly,Alpine Renault,13.0,71,+61.766,1.0,,,2024,No,1:09.609,
Austria,11,16,Charles Leclerc,Ferrari,6.0,71,+67.056,0.0,,,2024,No,1:09.584,
Austria,12,31,Esteban Ocon,Alpine Renault,10.0,71,+68.325,0.0,,,2024,No,1:09.649,
Austria,13,18,Lance Stroll,Aston Martin Aramco Mercedes,17.0,70,+1 lap,0.0,,,2024,No,1:10.143,
Austria,14,22,Yuki Tsunoda,RB Honda RBPT,14.0,70,+1 lap,0.0,,,2024,No,1:10.318,
Austria,15,23,Alexander Albon,Williams Mercedes,16.0,70,+1 lap,0.0,,,2024,No,1:10.364,
Austria,16,77,Valtteri Bottas,Kick Sauber Ferrari,18.0,70,+1 lap,0.0,,,2024,No,1:10.449,
Austria,17,24,Guanyu Zhou,Kick Sauber Ferrari,20.0,70,+1 lap,0.0,,,2024,No,1:10.470,
Austria,18,14,Fernando Alonso,Aston Martin Aramco Mercedes,15.0,70,+1 lap,0.0,,,2024,Yes,1:07.694,
Austria,19,2,Logan Sargeant,Williams Mercedes,19.0,69,+2 laps,0.0,,,2024,No,1:10.406,
Austria,20,4,Lando Norris,McLaren Mercedes,2.0,64,+7 laps,0.0,,,2024,No,1:08.016,
Great Britain,1,44,Lewis Hamilton,Mercedes,2.0,52,1:22:27.059,25.0,,,2024,No,1:29.438,
Great Britain,2,1,Max Verstappen,Red Bull Racing Honda RBPT,4.0,52,+1.465,18.0,,,2024,No,1:28.952,
Great Britain,3,4,Lando Norris,McLaren Mercedes,3.0,52,+7.547,15.0,,,2024,No,1:29.262,
Great Britain,4,81,Oscar Piastri,McLaren Mercedes,5.0,52,+12.429,12.0,,,2024,No,1:28.748,
Great Britain,5,55,Carlos Sainz,Ferrari,7.0,52,+47.318,11.0,,,2024,Yes,1:28.293,
Great Britain,6,27,Nico Hulkenberg,Haas Ferrari,6.0,52,+55.722,8.0,,,2024,No,1:29.836,
Great Britain,7,18,Lance Stroll,Aston Martin Aramco Mercedes,8.0,52,+56.569,6.0,,,2024,No,1:29.897,
Great Britain,8,14,Fernando Alonso,Aston Martin Aramco Mercedes,10.0,52,+63.577,4.0,,,2024,No,1:29.710,
Great Britain,9,23,Alexander Albon,Williams Mercedes,9.0,52,+68.387,2.0,,,2024,No,1:29.718,
Great Britain,10,22,Yuki Tsunoda,RB Honda RBPT,13.0,52,+79.303,1.0,,,2024,No,1:30.229,
Great Britain,11,2,Logan Sargeant,Williams Mercedes,12.0,52,+88.960,0.0,,,2024,No,1:29.972,
Great Britain,12,20,Kevin Magnussen,Haas Ferrari,17.0,52,+90.153,0.0,,,2024,No,1:30.093,
Great Britain,13,3,Daniel Ricciardo,RB Honda RBPT,15.0,51,+1 lap,0.0,,,2024,No,1:30.735,
Great Britain,14,16,Charles Leclerc,Ferrari,11.0,51,+1 lap,0.0,,,2024,No,1:29.748,
Great Britain,15,77,Valtteri Bottas,Kick Sauber Ferrari,16.0,51,+1 lap,0.0,,,2024,No,1:31.277,
Great Britain,16,31,Esteban Ocon,Alpine Renault,18.0,50,+2 laps,0.0,,,2024,No,1:30.875,
Great Britain,17,11,Sergio Perez,Red Bull Racing Honda RBPT,20.0,50,+2 laps,0.0,,,2024,No,1:29.707,
Great Britain,18,24,Guanyu Zhou,Kick Sauber Ferrari,14.0,50,+2 laps,0.0,,,2024,No,1:31.014,
Great Britain,NC,63,George Russell,Mercedes,1.0,33,DNF,0.0,,,2024,No,1:31.298,
Great Britain,NC,10,Pierre Gasly,Alpine Renault,19.0,0,DNS,0.0,,,2024,No,,
Hungary,1,81,Oscar Piastri,McLaren Mercedes,2.0,70,1:38:01.989,25.0,,,2024,No,1:21.716,
Hungary,2,4,Lando Norris,McLaren Mercedes,1.0,70,+2.141,18.0,,,2024,No,1:21.712,
Hungary,3,44,Lewis Hamilton,Mercedes,5.0,70,+14.880,15.0,,,2024,No,1:22.153,
Hungary,4,16,Charles Leclerc,Ferrari,6.0,70,+19.686,12.0,,,2024,No,1:22.182,
Hungary,5,1,Max Verstappen,Red Bull Racing Honda RBPT,3.0,70,+21.349,10.0,,,2024,No,1:20.908,
Hungary,6,55,Carlos Sainz,Ferrari,4.0,70,+23.073,8.0,,,2024,No,1:21.441,
Hungary,7,11,Sergio Perez,Red Bull Racing Honda RBPT,16.0,70,+39.792,6.0,,,2024,No,1:21.096,
Hungary,8,63,George Russell,Mercedes,17.0,70,+42.368,5.0,,,2024,Yes,1:20.305,
Hungary,9,22,Yuki Tsunoda,RB Honda RBPT,10.0,70,+77.259,2.0,,,2024,No,1:23.533,
Hungary,10,18,Lance Stroll,Aston Martin Aramco Mercedes,8.0,70,+77.976,1.0,,,2024,No,1:22.338,
Hungary,11,14,Fernando Alonso,Aston Martin Aramco Mercedes,7.0,70,+82.460,0.0,,,2024,No,1:23.063,
Hungary,12,3,Daniel Ricciardo,RB Honda RBPT,9.0,69,+1 lap,0.0,,,2024,No,1:22.640,
Hungary,13,27,Nico Hulkenberg,Haas Ferrari,11.0,69,+1 lap,0.0,,,2024,No,1:23.461,
Hungary,14,23,Alexander Albon,Williams Mercedes,13.0,69,+1 lap,0.0,,,2024,No,1:23.930,
Hungary,15,20,Kevin Magnussen,Haas Ferrari,15.0,69,+1 lap,0.0,,,2024,No,1:23.553,
Hungary,16,77,Valtteri Bottas,Kick Sauber Ferrari,12.0,69,+1 lap,0.0,,,2024,No,1:22.792,
Hungary,17,2,Logan Sargeant,Williams Mercedes,14.0,69,+1 lap,0.0,,,2024,No,1:20.561,
Hungary,18,31,Esteban Ocon,Alpine Renault,19.0,69,+1 lap,0.0,,,2024,No,1:21.610,
Hungary,19,24,Guanyu Zhou,Kick Sauber Ferrari,18.0,69,+1 lap,0.0,,,2024,No,1:23.487,
Hungary,NC,10,Pierre Gasly,Alpine Renault,20.0,33,DNF,0.0,,,2024,No,1:23.340,
Belgium,DQ,63,George Russell,Mercedes,6.0,44,1:19:57.040,0.0,,,2024,No,1:47.113,
Belgium,1,44,Lewis Hamilton,Mercedes,3.0,44,+0.526,25.0,,,2024,No,1:46.653,
Belgium,2,81,Oscar Piastri,McLaren Mercedes,5.0,44,+1.173,18.0,,,2024,No,1:45.840,
Belgium,3,16,Charles Leclerc,Ferrari,1.0,44,+8.549,15.0,,,2024,No,1:47.013,
Belgium,4,1,Max Verstappen,Red Bull Racing Honda RBPT,11.0,44,+9.226,12.0,,,2024,No,1:46.128,
Belgium,5,4,Lando Norris,McLaren Mercedes,4.0,44,+9.850,10.0,,,2024,No,1:45.563,
Belgium,6,55,Carlos Sainz,Ferrari,7.0,44,+19.795,8.0,,,2024,No,1:46.364,
Belgium,7,11,Sergio Perez,Red Bull Racing Honda RBPT,2.0,44,+3.195,7.0,,,2024,Yes,1:44.701,
Belgium,8,14,Fernando Alonso,Aston Martin Aramco Mercedes,8.0,44,+49.963,4.0,,,2024,No,1:48.051,
Belgium,9,31,Esteban Ocon,Alpine Renault,9.0,44,+52.552,2.0,,,2024,No,1:46.957,
Belgium,10,3,Daniel Ricciardo,RB Honda RBPT,13.0,44,+54.926,1.0,,,2024,No,1:47.435,
Belgium,11,18,Lance Stroll,Aston Martin Aramco Mercedes,15.0,44,+63.011,0.0,,,2024,No,1:48.105,
Belgium,12,23,Alexander Albon,Williams Mercedes,10.0,44,+63.651,0.0,,,2024,No,1:47.996,
Belgium,13,10,Pierre Gasly,Alpine Renault,12.0,44,+64.365,0.0,,,2024,No,1:47.418,
Belgium,14,20,Kevin Magnussen,Haas Ferrari,17.0,44,+66.631,0.0,,,2024,No,1:47.848,
Belgium,15,77,Valtteri Bottas,Kick Sauber Ferrari,14.0,44,+70.638,0.0,,,2024,No,1:47.019,
Belgium,16,22,Yuki Tsunoda,RB Honda RBPT,20.0,44,+76.737,0.0,,,2024,No,1:47.969,
Belgium,17,2,Logan Sargeant,Williams Mercedes,18.0,44,+86.057,0.0,,,2024,No,1:47.490,
Belgium,18,27,Nico Hulkenberg,Haas Ferrari,16.0,44,+88.833,0.0,,,2024,No,1:48.954,
Belgium,NC,24,Guanyu Zhou,Kick Sauber Ferrari,19.0,5,DNF,0.0,,,2024,No,1:52.099,
Netherlands,1,4,Lando Norris,McLaren Mercedes,1.0,72,1:30:45.519,26.0,,,2024,Yes,1:13.817,
Netherlands,2,1,Max Verstappen,Red Bull Racing Honda RBPT,2.0,72,+22.896,18.0,,,2024,No,1:14.752,
Netherlands,3,16,Charles Leclerc,Ferrari,6.0,72,+25.439,15.0,,,2024,No,1:14.585,
Netherlands,4,81,Oscar Piastri,McLaren Mercedes,3.0,72,+27.337,12.0,,,2024,No,1:14.237,
Netherlands,5,55,Carlos Sainz,Ferrari,10.0,72,+32.137,10.0,,,2024,No,1:14.117,
Netherlands,6,11,Sergio Perez,Red Bull Racing Honda RBPT,5.0,72,+39.542,8.0,,,2024,No,1:14.587,
Netherlands,7,63,George Russell,Mercedes,4.0,72,+44.617,6.0,,,2024,No,1:13.927,
Netherlands,8,44,Lewis Hamilton,Mercedes,14.0,72,+49.599,4.0,,,2024,No,1:13.878,
Netherlands,9,10,Pierre Gasly,Alpine Renault,9.0,71,+1 lap,2.0,,,2024,No,1:14.855,
Netherlands,10,14,Fernando Alonso,Aston Martin Aramco Mercedes,7.0,71,+1 lap,1.0,,,2024,No,1:14.758,
Netherlands,11,27,Nico Hulkenberg,Haas Ferrari,12.0,71,+1 lap,0.0,,,2024,No,1:15.657,
Netherlands,12,3,Daniel Ricciardo,RB Honda RBPT,13.0,71,+1 lap,0.0,,,2024,No,1:15.222,
Netherlands,13,18,Lance Stroll,Aston Martin Aramco Mercedes,8.0,71,+1 lap,0.0,,,2024,No,1:15.255,
Netherlands,14,23,Alexander Albon,Williams Mercedes,19.0,71,+1 lap,0.0,,,2024,No,1:14.434,
Netherlands,15,31,Esteban Ocon,Alpine Renault,15.0,71,+1 lap,0.0,,,2024,No,1:15.390,
Netherlands,16,2,Logan Sargeant,Williams Mercedes,18.0,71,+1 lap,0.0,,,2024,No,1:15.539,
Netherlands,17,22,Yuki Tsunoda,RB Honda RBPT,11.0,71,+1 lap,0.0,,,2024,No,1:15.552,
Netherlands,18,20,Kevin Magnussen,Haas Ferrari,20.0,71,+1 lap,0.0,,,2024,No,1:14.954,
Netherlands,19,77,Valtteri Bottas,Kick Sauber Ferrari,16.0,70,+2 laps,0.0,,,2024,No,1:15.822,
Netherlands,20,24,Guanyu Zhou,Kick Sauber Ferrari,17.0,70,+2 laps,0.0,,,2024,No,1:15.724,
Italy,1,16,Charles Leclerc,Ferrari,4.0,53,1:14:40.727,25.0,,,2024,No,1:23.226,
Italy,2,81,Oscar Piastri,McLaren Mercedes,2.0,53,+2.664,18.0,,,2024,No,1:21.943,
Italy,3,4,Lando Norris,McLaren Mercedes,1.0,53,+6.153,16.0,,,2024,Yes,1:21.432,
Italy,4,55,Carlos Sainz,Ferrari,5.0,53,+15.621,12.0,,,2024,No,1:23.219,
Italy,5,44,Lewis Hamilton,Mercedes,6.0,53,+22.820,10.0,,,2024,No,1:21.512,
Italy,6,1,Max Verstappen,Red Bull Racing Honda RBPT,7.0,53,+37.932,8.0,,,2024,No,1:21.745,
Italy,7,63,George Russell,Mercedes,3.0,53,+39.715,6.0,,,2024,No,1:22.036,
Italy,8,11,Sergio Perez,Red Bull Racing Honda RBPT,8.0,53,+54.148,4.0,,,2024,No,1:22.971,
Italy,9,23,Alexander Albon,Williams Mercedes,9.0,53,+67.456,2.0,,,2024,No,1:23.918,
Italy,10,20,Kevin Magnussen,Haas Ferrari,13.0,53,+68.302,1.0,,,2024,No,1:23.437,
Italy,11,14,Fernando Alonso,Aston Martin Aramco Mercedes,11.0,53,+68.495,0.0,,,2024,No,1:22.944,
Italy,12,43,Franco Colapinto,Williams Mercedes,18.0,53,+81.308,0.0,,,2024,No,1:23.728,
Italy,13,3,Daniel Ricciardo,RB Honda RBPT,12.0,53,+93.452,0.0,,,2024,No,1:24.219,
Italy,14,31,Esteban Ocon,Alpine Renault,15.0,52,+1 lap,0.0,,,2024,No,1:24.343,
Italy,15,10,Pierre Gasly,Alpine Renault,14.0,52,+1 lap,0.0,,,2024,No,1:23.755,
Italy,16,77,Valtteri Bottas,Kick Sauber Ferrari,19.0,52,+1 lap,0.0,,,2024,No,1:23.609,
Italy,17,27,Nico Hulkenberg,Haas Ferrari,10.0,52,+1 lap,0.0,,,2024,No,1:23.275,
Italy,18,24,Guanyu Zhou,Kick Sauber Ferrari,20.0,52,+1 lap,0.0,,,2024,No,1:25.092,
Italy,19,18,Lance Stroll,Aston Martin Aramco Mercedes,17.0,52,+1 lap,0.0,,,2024,No,1:22.232,
Italy,NC,22,Yuki Tsunoda,RB Honda RBPT,16.0,7,DNF,0.0,,,2024,No,1:26.198,
Azerbaijan,1,81,Oscar Piastri,McLaren Mercedes,2.0,51,1:32:58.007,25.0,,,2024,No,1:47.060,
Azerbaijan,2,16,Charles Leclerc,Ferrari,1.0,51,+10.910,18.0,,,2024,No,1:47.067,
Azerbaijan,3,63,George Russell,Mercedes,5.0,51,+31.328,15.0,,,2024,No,1:46.628,
Azerbaijan,4,4,Lando Norris,McLaren Mercedes,15.0,51,+36.142,13.0,,,2024,Yes,1:45.255,
Azerbaijan,5,1,Max Verstappen,Red Bull Racing Honda RBPT,6.0,51,+77.098,10.0,,,2024,No,1:46.798,
Azerbaijan,6,14,Fernando Alonso,Aston Martin Aramco Mercedes,7.0,51,+85.468,8.0,,,2024,No,1:47.057,
Azerbaijan,7,23,Alexander Albon,Williams Mercedes,9.0,51,+87.396,6.0,,,2024,No,1:46.947,
Azerbaijan,8,43,Franco Colapinto,Williams Mercedes,8.0,51,+89.541,4.0,,,2024,No,1:47.274,
Azerbaijan,9,44,Lewis Hamilton,Mercedes,19.0,51,+92.401,2.0,,,2024,No,1:47.236,
Azerbaijan,10,50,Oliver Bearman,Haas Ferrari,10.0,51,+93.127,1.0,,,2024,No,1:47.048,
Azerbaijan,11,27,Nico Hulkenberg,Haas Ferrari,12.0,51,+93.465,0.0,,,2024,No,1:47.691,
Azerbaijan,12,10,Pierre Gasly,Alpine Renault,18.0,51,+117.189,0.0,,,2024,No,1:48.018,
Azerbaijan,13,3,Daniel Ricciardo,RB Honda RBPT,14.0,51,+146.907,0.0,,,2024,No,1:48.380,
Azerbaijan,14,24,Guanyu Zhou,Kick Sauber Ferrari,17.0,51,+148.841,0.0,,,2024,No,1:47.644,
Azerbaijan,15,31,Esteban Ocon,Alpine Renault,20.0,50,+1 lap,0.0,,,2024,No,1:48.831,
Azerbaijan,16,77,Valtteri Bottas,Kick Sauber Ferrari,16.0,50,+1 lap,0.0,,,2024,No,1:48.418,
Azerbaijan,17,11,Sergio Perez,Red Bull Racing Honda RBPT,4.0,49,DNF,0.0,,,2024,No,1:47.013,
Azerbaijan,18,55,Carlos Sainz,Ferrari,3.0,49,DNF,0.0,,,2024,No,1:46.866,
Azerbaijan,19,18,Lance Stroll,Aston Martin Aramco Mercedes,13.0,45,DNF,0.0,,,2024,No,1:48.148,
Azerbaijan,NC,22,Yuki Tsunoda,RB Honda RBPT,11.0,14,DNF,0.0,,,2024,No,1:50.887,
Singapore,1,4,Lando Norris,McLaren Mercedes,1.0,62,1:40:52.571,25.0,,,2024,No,1:34.925,
Singapore,2,1,Max Verstappen,Red Bull Racing Honda RBPT,2.0,62,+20.945,18.0,,,2024,No,1:35.967,
Singapore,3,81,Oscar Piastri,McLaren Mercedes,5.0,62,+41.823,15.0,,,2024,No,1:35.745,
Singapore,4,63,George Russell,Mercedes,4.0,62,+61.040,12.0,,,2024,No,1:37.047,
Singapore,5,16,Charles Leclerc,Ferrari,9.0,62,+62.430,10.0,,,2024,No,1:35.371,
Singapore,6,44,Lewis Hamilton,Mercedes,3.0,62,+85.248,8.0,,,2024,No,1:37.393,
Singapore,7,55,Carlos Sainz,Ferrari,10.0,62,+96.039,6.0,,,2024,No,1:36.561,
Singapore,8,14,Fernando Alonso,Aston Martin Aramco Mercedes,7.0,61,+1 lap,4.0,,,2024,No,1:37.741,
Singapore,9,27,Nico Hulkenberg,Haas Ferrari,6.0,61,+1 lap,2.0,,,2024,No,1:37.470,
Singapore,10,11,Sergio Perez,Red Bull Racing Honda RBPT,13.0,61,+1 lap,1.0,,,2024,No,1:37.477,
Singapore,11,43,Franco Colapinto,Williams Mercedes,12.0,61,+1 lap,0.0,,,2024,No,1:37.262,
Singapore,12,22,Yuki Tsunoda,RB Honda RBPT,8.0,61,+1 lap,0.0,,,2024,No,1:36.393,
Singapore,13,31,Esteban Ocon,Alpine Renault,15.0,61,+1 lap,0.0,,,2024,No,1:37.964,
Singapore,14,18,Lance Stroll,Aston Martin Aramco Mercedes,17.0,61,+1 lap,0.0,,,2024,No,1:37.851,
Singapore,15,24,Guanyu Zhou,Kick Sauber Ferrari,20.0,61,+1 lap,0.0,,,2024,No,1:37.461,
Singapore,16,77,Valtteri Bottas,Kick Sauber Ferrari,19.0,61,+1 lap,0.0,,,2024,No,1:37.524,
Singapore,17,10,Pierre Gasly,Alpine Renault,18.0,61,+1 lap,0.0,,,2024,No,1:36.927,
Singapore,18,3,Daniel Ricciardo,RB Honda RBPT,16.0,61,+1 lap,0.0,,,2024,Yes,1:34.486,
Singapore,19,20,Kevin Magnussen,Haas Ferrari,14.0,57,DNF,0.0,,,2024,No,1:37.425,
Singapore,NC,23,Alexander Albon,Williams Mercedes,11.0,15,DNF,0.0,,,2024,No,1:36.888,
United States,1,16,Charles Leclerc,Ferrari,4.0,56,1:35:09.639,25.0,,,2024,No,1:37.834,
United States,2,55,Carlos Sainz,Ferrari,3.0,56,+8.562,18.0,,,2024,No,1:37.763,
United States,3,1,Max Verstappen,Red Bull Racing Honda RBPT,2.0,56,+19.412,15.0,,,2024,No,1:38.117,
United States,4,4,Lando Norris,McLaren Mercedes,1.0,56,+20.354,12.0,,,2024,No,1:37.679,
United States,5,81,Oscar Piastri,McLaren Mercedes,5.0,56,+21.921,10.0,,,2024,No,1:37.883,
United States,6,63,George Russell,Mercedes,20.0,56,+56.295,8.0,,,2024,No,1:37.656,
United States,7,11,Sergio Perez,Red Bull Racing Honda RBPT,9.0,56,+59.072,6.0,,,2024,No,1:38.514,
United States,8,27,Nico Hulkenberg,Haas Ferrari,11.0,56,+62.957,4.0,,,2024,No,1:38.404,
United States,9,30,Liam Lawson,RB Honda RBPT,19.0,56,+70.563,2.0,,,2024,No,1:38.091,
United States,10,43,Franco Colapinto,Williams Mercedes,15.0,56,+71.979,1.0,,,2024,No,1:37.611,
United States,11,20,Kevin Magnussen,Haas Ferrari,8.0,56,+79.782,0.0,,,2024,No,1:38.210,
United States,12,10,Pierre Gasly,Alpine Renault,6.0,56,+90.558,0.0,,,2024,No,1:38.311,
United States,13,14,Fernando Alonso,Aston Martin Aramco Mercedes,7.0,55,+1 lap,0.0,,,2024,No,1:39.261,
United States,14,22,Yuki Tsunoda,RB Honda RBPT,10.0,55,+1 lap,0.0,,,2024,No,1:39.193,
United States,15,18,Lance Stroll,Aston Martin Aramco Mercedes,13.0,55,+1 lap,0.0,,,2024,No,1:39.214,
United States,16,23,Alexander Albon,Williams Mercedes,14.0,55,+1 lap,0.0,,,2024,No,1:39.084,
United States,17,77,Valtteri Bottas,Kick Sauber Ferrari,16.0,55,+1 lap,0.0,,,2024,No,1:40.575,
United States,18,31,Esteban Ocon,Alpine Renault,12.0,55,+1 lap,0.0,,,2024,Yes,1:37.330,
United States,19,24,Guanyu Zhou,Kick Sauber Ferrari,18.0,55,+1 lap,0.0,,,2024,No,1:39.272,
United States,NC,44,Lewis Hamilton,Mercedes,17.0,1,DNF,0.0,,,2024,No,,
Mexico,1,55,Carlos Sainz,Ferrari,1.0,71,1:40:55.800,25.0,,,2024,No,1:20.137,
Mexico,2,4,Lando Norris,McLaren Mercedes,3.0,71,+4.705,18.0,,,2024,No,1:19.691,
Mexico,3,16,Charles Leclerc,Ferrari,4.0,71,+34.387,16.0,,,2024,Yes,1:18.336,
Mexico,4,44,Lewis Hamilton,Mercedes,6.0,71,+44.780,12.0,,,2024,No,1:20.371,
Mexico,5,63,George Russell,Mercedes,5.0,71,+48.536,10.0,,,2024,No,1:20.731,
Mexico,6,1,Max Verstappen,Red Bull Racing Honda RBPT,2.0,71,+59.558,8.0,,,2024,No,1:20.872,
Mexico,7,20,Kevin Magnussen,Haas Ferrari,7.0,71,+63.642,6.0,,,2024,No,1:20.637,
Mexico,8,81,Oscar Piastri,McLaren Mercedes,17.0,71,+64.928,4.0,,,2024,No,1:20.064,
Mexico,9,27,Nico Hulkenberg,Haas Ferrari,10.0,70,+1 lap,2.0,,,2024,No,1:20.748,
Mexico,10,10,Pierre Gasly,Alpine Renault,8.0,70,+1 lap,1.0,,,2024,No,1:21.274,
Mexico,11,18,Lance Stroll,Aston Martin Aramco Mercedes,14.0,70,+1 lap,0.0,,,2024,No,1:21.311,
Mexico,12,43,Franco Colapinto,Williams Mercedes,16.0,70,+1 lap,0.0,,,2024,No,1:20.090,
Mexico,13,31,Esteban Ocon,Alpine Renault,20.0,70,+1 lap,0.0,,,2024,No,1:20.659,
Mexico,14,77,Valtteri Bottas,Kick Sauber Ferrari,15.0,70,+1 lap,0.0,,,2024,No,1:21.085,
Mexico,15,24,Guanyu Zhou,Kick Sauber Ferrari,19.0,70,+1 lap,0.0,,,2024,No,1:21.553,
Mexico,16,30,Liam Lawson,RB Honda RBPT,12.0,70,+1 lap,0.0,,,2024,No,1:19.502,
Mexico,17,11,Sergio Perez,Red Bull Racing Honda RBPT,18.0,70,+1 lap,0.0,,,2024,No,1:19.209,
Mexico,NC,14,Fernando Alonso,Aston Martin Aramco Mercedes,13.0,15,DNF,0.0,,,2024,No,1:22.722,
Mexico,NC,23,Alexander Albon,Williams Mercedes,9.0,0,DNF,0.0,,,2024,No,,
Mexico,NC,22,Yuki Tsunoda,RB Honda RBPT,11.0,0,DNF,0.0,,,2024,No,,
Brazil,1,1,Max Verstappen,Red Bull Racing Honda RBPT,17.0,69,2:06:54.430,26.0,,,2024,Yes,1:20.472,
Brazil,2,31,Esteban Ocon,Alpine Renault,4.0,69,+19.477,18.0,,,2024,No,1:21.771,
Brazil,3,10,Pierre Gasly,Alpine Renault,13.0,69,+22.532,15.0,,,2024,No,1:21.645,
Brazil,4,63,George Russell,Mercedes,2.0,69,+23.265,12.0,,,2024,No,1:21.645,
Brazil,5,16,Charles Leclerc,Ferrari,6.0,69,+30.177,10.0,,,2024,No,1:21.631,
Brazil,6,4,Lando Norris,McLaren Mercedes,1.0,69,+31.372,8.0,,,2024,No,1:21.517,
Brazil,7,22,Yuki Tsunoda,RB Honda RBPT,3.0,69,+42.056,6.0,,,2024,No,1:21.828,
Brazil,8,81,Oscar Piastri,McLaren Mercedes,8.0,69,+44.943,4.0,,,2024,No,1:21.532,
Brazil,9,30,Liam Lawson,RB Honda RBPT,5.0,69,+50.452,2.0,,,2024,No,1:22.123,
Brazil,10,44,Lewis Hamilton,Mercedes,14.0,69,+50.753,1.0,,,2024,No,1:22.041,
Brazil,11,11,Sergio Perez,Red Bull Racing Honda RBPT,12.0,69,+51.531,0.0,,,2024,No,1:22.143,
Brazil,12,50,Oliver Bearman,Haas Ferrari,15.0,69,+57.085,0.0,,,2024,No,1:22.494,
Brazil,13,77,Valtteri Bottas,Kick Sauber Ferrari,11.0,69,+63.588,0.0,,,2024,No,1:22.877,
Brazil,14,14,Fernando Alonso,Aston Martin Aramco Mercedes,9.0,69,+78.049,0.0,,,2024,No,1:22.293,
Brazil,15,24,Guanyu Zhou,Kick Sauber Ferrari,19.0,69,+79.649,0.0,,,2024,No,1:23.058,
Brazil,NC,55,Carlos Sainz,Ferrari,20.0,38,DNF,0.0,,,2024,No,1:24.201,
Brazil,NC,43,Franco Colapinto,Williams Mercedes,16.0,30,DNF,0.0,,,2024,No,1:24.296,
Brazil,NC,23,Alexander Albon,Williams Mercedes,7.0,0,DNS,0.0,,,2024,No,,
Brazil,NC,18,Lance Stroll,Aston Martin Aramco Mercedes,10.0,0,DNS,0.0,,,2024,No,,
Brazil,DQ,27,Nico Hulkenberg,Haas Ferrari,18.0,0,DSQ,0.0,,,2024,No,1:23.764,
Las Vegas,1,63,George Russell,Mercedes,1.0,50,1:22:05.969,25.0,,,2024,No,1:35.717,
Las Vegas,2,44,Lewis Hamilton,Mercedes,10.0,50,+7.313,18.0,,,2024,No,1:35.480,
Las Vegas,3,55,Carlos Sainz,Ferrari,2.0,50,+11.906,15.0,,,2024,No,1:35.875,
Las Vegas,4,16,Charles Leclerc,Ferrari,4.0,50,+14.283,12.0,,,2024,No,1:35.674,
Las Vegas,5,1,Max Verstappen,Red Bull Racing Honda RBPT,5.0,50,+16.582,10.0,,,2024,No,1:36.248,
Las Vegas,6,4,Lando Norris,McLaren Mercedes,6.0,50,+43.385,9.0,,,2024,Yes,1:34.876,
Las Vegas,7,81,Oscar Piastri,McLaren Mercedes,8.0,50,+51.365,6.0,,,2024,No,1:36.598,
Las Vegas,8,27,Nico Hulkenberg,Haas Ferrari,9.0,50,+59.808,4.0,,,2024,No,1:36.585,
Las Vegas,9,22,Yuki Tsunoda,RB Honda RBPT,7.0,50,+62.808,2.0,,,2024,No,1:36.957,
Las Vegas,10,11,Sergio Perez,Red Bull Racing Honda RBPT,15.0,50,+63.114,1.0,,,2024,No,1:36.326,
Las Vegas,11,14,Fernando Alonso,Aston Martin Aramco Mercedes,16.0,50,+69.195,0.0,,,2024,No,1:36.553,
Las Vegas,12,20,Kevin Magnussen,Haas Ferrari,12.0,50,+69.803,0.0,,,2024,No,1:36.557,
Las Vegas,13,24,Guanyu Zhou,Kick Sauber Ferrari,13.0,50,+74.085,0.0,,,2024,No,1:36.324,
Las Vegas,14,43,Franco Colapinto,Williams Mercedes,20.0,50,+75.172,0.0,,,2024,No,1:36.867,
Las Vegas,15,18,Lance Stroll,Aston Martin Aramco Mercedes,18.0,50,+84.102,0.0,,,2024,No,1:37.179,
Las Vegas,16,30,Liam Lawson,RB Honda RBPT,14.0,50,+91.005,0.0,,,2024,No,1:36.980,
Las Vegas,17,31,Esteban Ocon,Alpine Renault,11.0,49,+1 lap,0.0,,,2024,No,1:36.511,
Las Vegas,18,77,Valtteri Bottas,Kick Sauber Ferrari,19.0,49,+1 lap,0.0,,,2024,No,1:36.601,
Las Vegas,NC,23,Alexander Albon,Williams Mercedes,17.0,25,DNF,0.0,,,2024,No,1:38.008,
Las Vegas,NC,10,Pierre Gasly,Alpine Renault,3.0,15,DNF,0.0,,,2024,No,1:38.314,
Qatar,1,1,Max Verstappen,Red Bull Racing Honda RBPT,2.0,57,1:31:05.323,25.0,,,2024,No,1:22.905,
Qatar,2,16,Charles Leclerc,Ferrari,5.0,57,+6.031,18.0,,,2024,No,1:23.242,
Qatar,3,81,Oscar Piastri,McLaren Mercedes,4.0,57,+6.819,15.0,,,2024,No,1:23.218,
Qatar,4,63,George Russell,Mercedes,1.0,57,+14.104,12.0,,,2024,No,1:23.355,
Qatar,5,10,Pierre Gasly,Alpine Renault,11.0,57,+16.782,10.0,,,2024,No,1:23.705,
Qatar,6,55,Carlos Sainz,Ferrari,7.0,57,+17.476,8.0,,,2024,No,1:23.465,
Qatar,7,14,Fernando Alonso,Aston Martin Aramco Mercedes,8.0,57,+19.867,6.0,,,2024,No,1:23.667,
Qatar,8,24,Guanyu Zhou,Kick Sauber Ferrari,12.0,57,+25.360,4.0,,,2024,No,1:23.889,
Qatar,9,20,Kevin Magnussen,Haas Ferrari,10.0,57,+32.177,2.0,,,2024,No,1:24.259,
Qatar,10,4,Lando Norris,McLaren Mercedes,3.0,57,+35.762,2.0,,,2024,Yes,1:22.384,
Qatar,11,77,Valtteri Bottas,Kick Sauber Ferrari,13.0,57,+50.243,0.0,,,2024,No,1:25.533,
Qatar,12,44,Lewis Hamilton,Mercedes,6.0,57,+56.122,0.0,,,2024,No,1:23.865,
Qatar,13,22,Yuki Tsunoda,RB Honda RBPT,14.0,57,+61.100,0.0,,,2024,No,1:26.144,
Qatar,14,30,Liam Lawson,RB Honda RBPT,17.0,57,+62.656,0.0,,,2024,No,1:26.076,
Qatar,15,23,Alexander Albon,Williams Mercedes,16.0,56,+1 lap,0.0,,,2024,No,1:25.559,
Qatar,NC,27,Nico Hulkenberg,Haas Ferrari,18.0,39,DNF,0.0,,,2024,No,1:25.767,
Qatar,NC,11,Sergio Perez,Red Bull Racing Honda RBPT,9.0,38,DNF,0.0,,,2024,No,1:25.288,
Qatar,NC,18,Lance Stroll,Aston Martin Aramco Mercedes,15.0,8,DNF,0.0,,,2024,No,1:30.935,
Qatar,NC,43,Franco Colapinto,Williams Mercedes,19.0,0,DNF,0.0,,,2024,No,,
Qatar,NC,31,Esteban Ocon,Alpine Renault,20.0,0,DNF,0.0,,,2024,No,,
Abu Dhabi,1,4,Lando Norris,McLaren Mercedes,1.0,58,1:26:33.291,25.0,,,2024,No,1:27.438,
Abu Dhabi,2,55,Carlos Sainz,Ferrari,3.0,58,+5.832,18.0,,,2024,No,1:27.765,
Abu Dhabi,3,16,Charles Leclerc,Ferrari,19.0,58,+31.928,15.0,,,2024,No,1:28.018,
Abu Dhabi,4,44,Lewis Hamilton,Mercedes,16.0,58,+36.483,12.0,,,2024,No,1:27.278,
Abu Dhabi,5,63,George Russell,Mercedes,6.0,58,+37.538,10.0,,,2024,No,1:28.195,
Abu Dhabi,6,1,Max Verstappen,Red Bull Racing Honda RBPT,4.0,58,+49.847,8.0,,,2024,No,1:27.765,
Abu Dhabi,7,10,Pierre Gasly,Alpine Renault,5.0,58,+72.560,6.0,,,2024,No,1:29.251,
Abu Dhabi,8,27,Nico Hulkenberg,Haas Ferrari,7.0,58,+75.554,4.0,,,2024,No,1:29.152,
Abu Dhabi,9,14,Fernando Alonso,Aston Martin Aramco Mercedes,8.0,58,+82.373,2.0,,,2024,No,1:27.948,
Abu Dhabi,10,81,Oscar Piastri,McLaren Mercedes,2.0,58,+83.821,1.0,,,2024,No,1:27.690,
Abu Dhabi,11,23,Alexander Albon,Williams Mercedes,18.0,57,+1 lap,0.0,,,2024,No,1:29.438,
Abu Dhabi,12,22,Yuki Tsunoda,RB Honda RBPT,11.0,57,+1 lap,0.0,,,2024,No,1:29.200,
Abu Dhabi,13,24,Guanyu Zhou,Kick Sauber Ferrari,15.0,57,+1 lap,0.0,,,2024,No,1:27.982,
Abu Dhabi,14,18,Lance Stroll,Aston Martin Aramco Mercedes,13.0,57,+1 lap,0.0,,,2024,No,1:28.604,
Abu Dhabi,15,61,Jack Doohan,Alpine Renault,17.0,57,+1 lap,0.0,,,2024,No,1:29.121,
Abu Dhabi,16,20,Kevin Magnussen,Haas Ferrari,14.0,57,+1 lap,0.0,,,2024,Yes,1:25.637,
Abu Dhabi,17,30,Liam Lawson,RB Honda RBPT,12.0,55,DNF,0.0,,,2024,No,1:28.751,
Abu Dhabi,NC,77,Valtteri Bottas,Kick Sauber Ferrari,9.0,30,DNF,0.0,,,2024,No,1:29.482,
Abu Dhabi,NC,43,Franco Colapinto,Williams Mercedes,20.0,26,DNF,0.0,,,2024,No,1:29.411,
Abu Dhabi,NC,11,Sergio Perez,Red Bull Racing Honda RBPT,10.0,0,DNF,0.0,,,2024,No,,
Australia,1,77,Valtteri Bottas,Mercedes,2.0,58,,26.0,,Yes,2019,,,1:25:27.325
Australia,2,44,Lewis Hamilton,Mercedes,1.0,58,,18.0,,No,2019,,,+20.886
Australia,3,33,Max Verstappen,Red Bull Racing Honda,4.0,58,,15.0,,No,2019,,,+22.520
Australia,4,5,Sebastian Vettel,Ferrari,3.0,58,,12.0,,No,2019,,,+57.109
Australia,5,16,Charles Leclerc,Ferrari,5.0,58,,10.0,,No,2019,,,+58.230
Australia,6,20,Kevin Magnussen,Haas Ferrari,7.0,58,,8.0,,No,2019,,,+87.156
Australia,7,27,Nico Hulkenberg,Renault,11.0,57,,6.0,,No,2019,,,+1 lap
Australia,8,7,Kimi Raikkönen,Alfa Romeo Racing Ferrari,9.0,57,,4.0,,No,2019,,,+1 lap
Australia,9,18,Lance Stroll,Racing Point BWT Mercedes,16.0,57,,2.0,,No,2019,,,+1 lap
Australia,10,26,Daniil Kvyat,Scuderia Toro Rosso Honda,15.0,57,,1.0,,No,2019,,,+1 lap
Australia,11,10,Pierre Gasly,Red Bull Racing Honda,17.0,57,,0.0,,No,2019,,,+1 lap
Australia,12,4,Lando Norris,McLaren Renault,8.0,57,,0.0,,No,2019,,,+1 lap
Australia,13,11,Sergio Perez,Racing Point BWT Mercedes,10.0,57,,0.0,,No,2019,,,+1 lap
Australia,14,23,Alexander Albon,Scuderia Toro Rosso Honda,13.0,57,,0.0,,No,2019,,,+1 lap
Australia,15,99,Antonio Giovinazzi,Alfa Romeo Racing Ferrari,14.0,57,,0.0,,No,2019,,,+1 lap
Australia,16,63,George Russell,Williams Mercedes,19.0,56,,0.0,,No,2019,,,+2 laps
Australia,17,88,Robert Kubica,Williams Mercedes,20.0,55,,0.0,,No,2019,,,+3 laps
Australia,NC,8,Romain Grosjean,Haas Ferrari,6.0,29,,0.0,,No,2019,,,DNF
Australia,NC,3,Daniel Ricciardo,Renault,12.0,28,,0.0,,No,2019,,,DNF
Australia,NC,55,Carlos Sainz,McLaren Renault,18.0,9,,0.0,,No,2019,,,DNF
Bahrain,1,44,Lewis Hamilton,Mercedes,3.0,57,,25.0,,No,2019,,,1:34:21.295
Bahrain,2,77,Valtteri Bottas,Mercedes,4.0,57,,18.0,,No,2019,,,+2.980
Bahrain,3,16,Charles Leclerc,Ferrari,1.0,57,,16.0,,Yes,2019,,,+6.131
Bahrain,4,33,Max Verstappen,Red Bull Racing Honda,5.0,57,,12.0,,No,2019,,,+6.408
Bahrain,5,5,Sebastian Vettel,Ferrari,2.0,57,,10.0,,No,2019,,,+36.068
Bahrain,6,4,Lando Norris,McLaren Renault,9.0,57,,8.0,,No,2019,,,+45.754
Bahrain,7,7,Kimi Raikkönen,Alfa Romeo Racing Ferrari,8.0,57,,6.0,,No,2019,,,+47.470
Bahrain,8,10,Pierre Gasly,Red Bull Racing Honda,13.0,57,,4.0,,No,2019,,,+58.094
Bahrain,9,23,Alexander Albon,Scuderia Toro Rosso Honda,12.0,57,,2.0,,No,2019,,,+62.697
Bahrain,10,11,Sergio Perez,Racing Point BWT Mercedes,14.0,57,,1.0,,No,2019,,,+63.696
Bahrain,11,99,Antonio Giovinazzi,Alfa Romeo Racing Ferrari,16.0,57,,0.0,,No,2019,,,+64.599
Bahrain,12,26,Daniil Kvyat,Scuderia Toro Rosso Honda,15.0,56,,0.0,,No,2019,,,+1 lap
Bahrain,13,20,Kevin Magnussen,Haas Ferrari,6.0,56,,0.0,,No,2019,,,+1 lap
Bahrain,14,18,Lance Stroll,Racing Point BWT Mercedes,18.0,56,,0.0,,No,2019,,,+1 lap
Bahrain,15,63,George Russell,Williams Mercedes,19.0,56,,0.0,,No,2019,,,+1 lap
Bahrain,16,88,Robert Kubica,Williams Mercedes,20.0,55,,0.0,,No,2019,,,+2 laps
Bahrain,17,27,Nico Hulkenberg,Renault,17.0,53,,0.0,,No,2019,,,DNF
Bahrain,18,3,Daniel Ricciardo,Renault,10.0,53,,0.0,,No,2019,,,DNF
Bahrain,19,55,Carlos Sainz,McLaren Renault,7.0,53,,0.0,,No,2019,,,DNF
Bahrain,NC,8,Romain Grosjean,Haas Ferrari,11.0,16,,0.0,,No,2019,,,DNF
China,1,44,Lewis Hamilton,Mercedes,2.0,56,,25.0,,No,2019,,,1:32:06.350
China,2,77,Valtteri Bottas,Mercedes,1.0,56,,18.0,,No,2019,,,+6.552
China,3,5,Sebastian Vettel,Ferrari,3.0,56,,15.0,,No,2019,,,+13.744
China,4,33,Max Verstappen,Red Bull Racing Honda,5.0,56,,12.0,,No,2019,,,+27.627
China,5,16,Charles Leclerc,Ferrari,4.0,56,,10.0,,No,2019,,,+31.276
China,6,10,Pierre Gasly,Red Bull Racing Honda,6.0,56,,9.0,,Yes,2019,,,+89.307
China,7,3,Daniel Ricciardo,Renault,7.0,55,,6.0,,No,2019,,,+1 lap
China,8,11,Sergio Perez,Racing Point BWT Mercedes,12.0,55,,4.0,,No,2019,,,+1 lap
China,9,7,Kimi Raikkönen,Alfa Romeo Racing Ferrari,13.0,55,,2.0,,No,2019,,,+1 lap
China,10,23,Alexander Albon,Scuderia Toro Rosso Honda,20.0,55,,1.0,,No,2019,,,+1 lap
China,11,8,Romain Grosjean,Haas Ferrari,10.0,55,,0.0,,No,2019,,,+1 lap
China,12,18,Lance Stroll,Racing Point BWT Mercedes,16.0,55,,0.0,,No,2019,,,+1 lap
China,13,20,Kevin Magnussen,Haas Ferrari,9.0,55,,0.0,,No,2019,,,+1 lap
China,14,55,Carlos Sainz,McLaren Renault,14.0,55,,0.0,,No,2019,,,+1 lap
China,15,99,Antonio Giovinazzi,Alfa Romeo Racing Ferrari,19.0,55,,0.0,,No,2019,,,+1 lap
China,16,63,George Russell,Williams Mercedes,17.0,54,,0.0,,No,2019,,,+2 laps
China,17,88,Robert Kubica,Williams Mercedes,18.0,54,,0.0,,No,2019,,,+2 laps
China,18,4,Lando Norris,McLaren Renault,15.0,50,,0.0,,No,2019,,,DNF
China,NC,26,Daniil Kvyat,Scuderia Toro Rosso Honda,11.0,41,,0.0,,No,2019,,,DNF
China,NC,27,Nico Hulkenberg,Renault,8.0,16,,0.0,,No,2019,,,DNF
Azerbaijan,1,77,Valtteri Bottas,Mercedes,1.0,51,,25.0,,No,2019,,,1:31:52.942
Azerbaijan,2,44,Lewis Hamilton,Mercedes,2.0,51,,18.0,,No,2019,,,+1.524
Azerbaijan,3,5,Sebastian Vettel,Ferrari,3.0,51,,15.0,,No,2019,,,+11.739
Azerbaijan,4,33,Max Verstappen,Red Bull Racing Honda,4.0,51,,12.0,,No,2019,,,+17.493
Azerbaijan,5,16,Charles Leclerc,Ferrari,8.0,51,,11.0,,Yes,2019,,,+69.107
Azerbaijan,6,11,Sergio Perez,Racing Point BWT Mercedes,5.0,51,,8.0,,No,2019,,,+76.416
Azerbaijan,7,55,Carlos Sainz,McLaren Renault,9.0,51,,6.0,,No,2019,,,+83.826
Azerbaijan,8,4,Lando Norris,McLaren Renault,7.0,51,,4.0,,No,2019,,,+100.268
Azerbaijan,9,18,Lance Stroll,Racing Point BWT Mercedes,13.0,51,,2.0,,No,2019,,,+103.816
Azerbaijan,10,7,Kimi Raikkönen,Alfa Romeo Racing Ferrari,19.0,50,,1.0,,No,2019,,,+1 lap
Azerbaijan,11,23,Alexander Albon,Scuderia Toro Rosso Honda,11.0,50,,0.0,,No,2019,,,+1 lap
Azerbaijan,12,99,Antonio Giovinazzi,Alfa Romeo Racing Ferrari,17.0,50,,0.0,,No,2019,,,+1 lap
Azerbaijan,13,20,Kevin Magnussen,Haas Ferrari,12.0,50,,0.0,,No,2019,,,+1 lap
Azerbaijan,14,27,Nico Hulkenberg,Renault,15.0,50,,0.0,,No,2019,,,+1 lap
Azerbaijan,15,63,George Russell,Williams Mercedes,16.0,49,,0.0,,No,2019,,,+2 laps
Azerbaijan,16,88,Robert Kubica,Williams Mercedes,18.0,49,,0.0,,No,2019,,,+2 laps
Azerbaijan,NC,10,Pierre Gasly,Red Bull Racing Honda,20.0,38,,0.0,,No,2019,,,DNF
Azerbaijan,NC,8,Romain Grosjean,Haas Ferrari,14.0,38,,0.0,,No,2019,,,DNF
Azerbaijan,NC,26,Daniil Kvyat,Scuderia Toro Rosso Honda,6.0,33,,0.0,,No,2019,,,DNF
Azerbaijan,NC,3,Daniel Ricciardo,Renault,10.0,31,,0.0,,No,2019,,,DNF
Spain,1,44,Lewis Hamilton,Mercedes,2.0,66,,26.0,,Yes,2019,,,1:35:50.443
Spain,2,77,Valtteri Bottas,Mercedes,1.0,66,,18.0,,No,2019,,,+4.074
Spain,3,33,Max Verstappen,Red Bull Racing Honda,4.0,66,,15.0,,No,2019,,,+7.679
Spain,4,5,Sebastian Vettel,Ferrari,3.0,66,,12.0,,No,2019,,,+9.167
Spain,5,16,Charles Leclerc,Ferrari,5.0,66,,10.0,,No,2019,,,+13.361
Spain,6,10,Pierre Gasly,Red Bull Racing Honda,6.0,66,,8.0,,No,2019,,,+19.576
Spain,7,20,Kevin Magnussen,Haas Ferrari,8.0,66,,6.0,,No,2019,,,+28.159
Spain,8,55,Carlos Sainz,McLaren Renault,12.0,66,,4.0,,No,2019,,,+32.342
Spain,9,26,Daniil Kvyat,Scuderia Toro Rosso Honda,9.0,66,,2.0,,No,2019,,,+33.056
Spain,10,8,Romain Grosjean,Haas Ferrari,7.0,66,,1.0,,No,2019,,,+34.641
Spain,11,23,Alexander Albon,Scuderia Toro Rosso Honda,11.0,66,,0.0,,No,2019,,,+35.445
Spain,12,3,Daniel Ricciardo,Renault,13.0,66,,0.0,,No,2019,,,+36.758
Spain,13,27,Nico Hulkenberg,Renault,20.0,66,,0.0,,No,2019,,,+39.241
Spain,14,7,Kimi Raikkönen,Alfa Romeo Racing Ferrari,14.0,66,,0.0,,No,2019,,,+41.803
Spain,15,11,Sergio Perez,Racing Point BWT Mercedes,15.0,66,,0.0,,No,2019,,,+46.877
Spain,16,99,Antonio Giovinazzi,Alfa Romeo Racing Ferrari,18.0,66,,0.0,,No,2019,,,+47.691
Spain,17,63,George Russell,Williams Mercedes,19.0,65,,0.0,,No,2019,,,+1 lap
Spain,18,88,Robert Kubica,Williams Mercedes,17.0,65,,0.0,,No,2019,,,+1 lap
Spain,NC,18,Lance Stroll,Racing Point BWT Mercedes,16.0,44,,0.0,,No,2019,,,DNF
Spain,NC,4,Lando Norris,McLaren Renault,10.0,44,,0.0,,No,2019,,,DNF
Monaco,1,44,Lewis Hamilton,Mercedes,1.0,78,,25.0,,No,2019,,,1:43:28.437
Monaco,2,5,Sebastian Vettel,Ferrari,4.0,78,,18.0,,No,2019,,,+2.602
Monaco,3,77,Valtteri Bottas,Mercedes,2.0,78,,15.0,,No,2019,,,+3.162
Monaco,4,33,Max Verstappen,Red Bull Racing Honda,3.0,78,,12.0,,No,2019,,,+5.537
Monaco,5,10,Pierre Gasly,Red Bull Racing Honda,8.0,78,,11.0,,Yes,2019,,,+9.946
Monaco,6,55,Carlos Sainz,McLaren Renault,9.0,78,,8.0,,No,2019,,,+53.454
Monaco,7,26,Daniil Kvyat,Scuderia Toro Rosso Honda,7.0,78,,6.0,,No,2019,,,+54.574
Monaco,8,23,Alexander Albon,Scuderia Toro Rosso Honda,10.0,78,,4.0,,No,2019,,,+55.200
Monaco,9,3,Daniel Ricciardo,Renault,6.0,78,,2.0,,No,2019,,,+60.894
Monaco,10,8,Romain Grosjean,Haas Ferrari,13.0,78,,1.0,,No,2019,,,+61.034
Monaco,11,4,Lando Norris,McLaren Renault,12.0,78,,0.0,,No,2019,,,+66.801
Monaco,12,11,Sergio Perez,Racing Point BWT Mercedes,16.0,77,,0.0,,No,2019,,,+1 lap
Monaco,13,27,Nico Hulkenberg,Renault,11.0,77,,0.0,,No,2019,,,+1 lap
Monaco,14,20,Kevin Magnussen,Haas Ferrari,5.0,77,,0.0,,No,2019,,,+1 lap
Monaco,15,63,George Russell,Williams Mercedes,19.0,77,,0.0,,No,2019,,,+1 lap
Monaco,16,18,Lance Stroll,Racing Point BWT Mercedes,17.0,77,,0.0,,No,2019,,,+1 lap
Monaco,17,7,Kimi Raikkönen,Alfa Romeo Racing Ferrari,14.0,77,,0.0,,No,2019,,,+1 lap
Monaco,18,88,Robert Kubica,Williams Mercedes,20.0,77,,0.0,,No,2019,,,+1 lap
Monaco,19,99,Antonio Giovinazzi,Alfa Romeo Racing Ferrari,18.0,76,,0.0,,No,2019,,,+2 laps
Monaco,NC,16,Charles Leclerc,Ferrari,15.0,16,,0.0,,No,2019,,,DNF
Canada,1,44,Lewis Hamilton,Mercedes,2.0,70,,25.0,,No,2019,,,1:29:07.084
Canada,2,5,Sebastian Vettel,Ferrari,1.0,70,,18.0,,No,2019,,,+3.658
Canada,3,16,Charles Leclerc,Ferrari,3.0,70,,15.0,,No,2019,,,+4.696
Canada,4,77,Valtteri Bottas,Mercedes,6.0,70,,13.0,,Yes,2019,,,+51.043
Canada,5,33,Max Verstappen,Red Bull Racing Honda,9.0,70,,10.0,,No,2019,,,+57.655
Canada,6,3,Daniel Ricciardo,Renault,4.0,69,,8.0,,No,2019,,,+1 lap
Canada,7,27,Nico Hulkenberg,Renault,7.0,69,,6.0,,No,2019,,,+1 lap
Canada,8,10,Pierre Gasly,Red Bull Racing Honda,5.0,69,,4.0,,No,2019,,,+1 lap
Canada,9,18,Lance Stroll,Racing Point BWT Mercedes,17.0,69,,2.0,,No,2019,,,+1 lap
Canada,10,26,Daniil Kvyat,Scuderia Toro Rosso Honda,10.0,69,,1.0,,No,2019,,,+1 lap
Canada,11,55,Carlos Sainz,McLaren Renault,11.0,69,,0.0,,No,2019,,,+1 lap
Canada,12,11,Sergio Perez,Racing Point BWT Mercedes,15.0,69,,0.0,,No,2019,,,+1 lap
Canada,13,99,Antonio Giovinazzi,Alfa Romeo Racing Ferrari,12.0,69,,0.0,,No,2019,,,+1 lap
Canada,14,8,Romain Grosjean,Haas Ferrari,14.0,69,,0.0,,No,2019,,,+1 lap
Canada,15,7,Kimi Raikkönen,Alfa Romeo Racing Ferrari,16.0,69,,0.0,,No,2019,,,+1 lap
Canada,16,63,George Russell,Williams Mercedes,18.0,68,,0.0,,No,2019,,,+2 laps
Canada,17,20,Kevin Magnussen,Haas Ferrari,20.0,68,,0.0,,No,2019,,,+2 laps
Canada,18,88,Robert Kubica,Williams Mercedes,19.0,67,,0.0,,No,2019,,,+3 laps
Canada,NC,23,Alexander Albon,Scuderia Toro Rosso Honda,13.0,59,,0.0,,No,2019,,,DNF
Canada,NC,4,Lando Norris,McLaren Renault,8.0,8,,0.0,,No,2019,,,DNF
France,1,44,Lewis Hamilton,Mercedes,1.0,53,,25.0,,No,2019,,,1:24:31.198
France,2,77,Valtteri Bottas,Mercedes,2.0,53,,18.0,,No,2019,,,+18.056
France,3,16,Charles Leclerc,Ferrari,3.0,53,,15.0,,No,2019,,,+18.985
France,4,33,Max Verstappen,Red Bull Racing Honda,4.0,53,,12.0,,No,2019,,,+34.905
France,5,5,Sebastian Vettel,Ferrari,7.0,53,,11.0,,Yes,2019,,,+62.796
France,6,55,Carlos Sainz,McLaren Renault,6.0,53,,8.0,,No,2019,,,+95.462
France,7,7,Kimi Raikkönen,Alfa Romeo Racing Ferrari,12.0,52,,6.0,,No,2019,,,+1 lap
France,8,27,Nico Hulkenberg,Renault,13.0,52,,4.0,,No,2019,,,+1 lap
France,9,4,Lando Norris,McLaren Renault,5.0,52,,2.0,,No,2019,,,+1 lap
France,10,10,Pierre Gasly,Red Bull Racing Honda,9.0,52,,1.0,,No,2019,,,+1 lap
France,11,3,Daniel Ricciardo,Renault,8.0,52,,0.0,,No,2019,,,+1 lap
France,12,11,Sergio Perez,Racing Point BWT Mercedes,14.0,52,,0.0,,No,2019,,,+1 lap
France,13,18,Lance Stroll,Racing Point BWT Mercedes,17.0,52,,0.0,,No,2019,,,+1 lap
France,14,26,Daniil Kvyat,Scuderia Toro Rosso Honda,19.0,52,,0.0,,No,2019,,,+1 lap
France,15,23,Alexander Albon,Scuderia Toro Rosso Honda,11.0,52,,0.0,,No,2019,,,+1 lap
France,16,99,Antonio Giovinazzi,Alfa Romeo Racing Ferrari,10.0,52,,0.0,,No,2019,,,+1 lap
France,17,20,Kevin Magnussen,Haas Ferrari,15.0,52,,0.0,,No,2019,,,+1 lap
France,18,88,Robert Kubica,Williams Mercedes,18.0,51,,0.0,,No,2019,,,+2 laps
France,19,63,George Russell,Williams Mercedes,20.0,51,,0.0,,No,2019,,,+2 laps
France,NC,8,Romain Grosjean,Haas Ferrari,16.0,44,,0.0,,No,2019,,,DNF
Austria,1,33,Max Verstappen,Red Bull Racing Honda,2.0,71,,26.0,,Yes,2019,,,1:22:01.822
Austria,2,16,Charles Leclerc,Ferrari,1.0,71,,18.0,,No,2019,,,+2.724
Austria,3,77,Valtteri Bottas,Mercedes,3.0,71,,15.0,,No,2019,,,+18.960
Austria,4,5,Sebastian Vettel,Ferrari,9.0,71,,12.0,,No,2019,,,+19.610
Austria,5,44,Lewis Hamilton,Mercedes,4.0,71,,10.0,,No,2019,,,+22.805
Austria,6,4,Lando Norris,McLaren Renault,5.0,70,,8.0,,No,2019,,,+1 lap
Austria,7,10,Pierre Gasly,Red Bull Racing Honda,8.0,70,,6.0,,No,2019,,,+1 lap
Austria,8,55,Carlos Sainz,McLaren Renault,19.0,70,,4.0,,No,2019,,,+1 lap
Austria,9,7,Kimi Raikkönen,Alfa Romeo Racing Ferrari,6.0,70,,2.0,,No,2019,,,+1 lap
Austria,10,99,Antonio Giovinazzi,Alfa Romeo Racing Ferrari,7.0,70,,1.0,,No,2019,,,+1 lap
Austria,11,11,Sergio Perez,Racing Point BWT Mercedes,13.0,70,,0.0,,No,2019,,,+1 lap
Austria,12,3,Daniel Ricciardo,Renault,12.0,70,,0.0,,No,2019,,,+1 lap
Austria,13,27,Nico Hulkenberg,Renault,15.0,70,,0.0,,No,2019,,,+1 lap
Austria,14,18,Lance Stroll,Racing Point BWT Mercedes,14.0,70,,0.0,,No,2019,,,+1 lap
Austria,15,23,Alexander Albon,Scuderia Toro Rosso Honda,18.0,70,,0.0,,No,2019,,,+1 lap
Austria,16,8,Romain Grosjean,Haas Ferrari,11.0,70,,0.0,,No,2019,,,+1 lap
Austria,17,26,Daniil Kvyat,Scuderia Toro Rosso Honda,16.0,70,,0.0,,No,2019,,,+1 lap
Austria,18,63,George Russell,Williams Mercedes,20.0,69,,0.0,,No,2019,,,+2 laps
Austria,19,20,Kevin Magnussen,Haas Ferrari,10.0,69,,0.0,,No,2019,,,+2 laps
Austria,20,88,Robert Kubica,Williams Mercedes,17.0,68,,0.0,,No,2019,,,+3 laps
Great Britain,1,44,Lewis Hamilton,Mercedes,2.0,52,,26.0,,Yes,2019,,,1:21:08.452
Great Britain,2,77,Valtteri Bottas,Mercedes,1.0,52,,18.0,,No,2019,,,+24.928
Great Britain,3,16,Charles Leclerc,Ferrari,3.0,52,,15.0,,No,2019,,,+30.117
Great Britain,4,10,Pierre Gasly,Red Bull Racing Honda,5.0,52,,12.0,,No,2019,,,+34.692
Great Britain,5,33,Max Verstappen,Red Bull Racing Honda,4.0,52,,10.0,,No,2019,,,+39.458
Great Britain,6,55,Carlos Sainz,McLaren Renault,13.0,52,,8.0,,No,2019,,,+53.639
Great Britain,7,3,Daniel Ricciardo,Renault,7.0,52,,6.0,,No,2019,,,+54.401
Great Britain,8,7,Kimi Raikkönen,Alfa Romeo Racing Ferrari,12.0,52,,4.0,,No,2019,,,+65.540
Great Britain,9,26,Daniil Kvyat,Scuderia Toro Rosso Honda,17.0,52,,2.0,,No,2019,,,+66.720
Great Britain,10,27,Nico Hulkenberg,Renault,10.0,52,,1.0,,No,2019,,,+72.733
Great Britain,11,4,Lando Norris,McLaren Renault,8.0,52,,0.0,,No,2019,,,+74.281
Great Britain,12,23,Alexander Albon,Scuderia Toro Rosso Honda,9.0,52,,0.0,,No,2019,,,+75.617
Great Britain,13,18,Lance Stroll,Racing Point BWT Mercedes,18.0,52,,0.0,,No,2019,,,+81.086
Great Britain,14,63,George Russell,Williams Mercedes,19.0,51,,0.0,,No,2019,,,+1 lap
Great Britain,15,88,Robert Kubica,Williams Mercedes,20.0,51,,0.0,,No,2019,,,+1 lap
Great Britain,16,5,Sebastian Vettel,Ferrari,6.0,51,,0.0,,No,2019,,,+1 lap
Great Britain,17,11,Sergio Perez,Racing Point BWT Mercedes,15.0,51,,0.0,,No,2019,,,+1 lap
Great Britain,NC,99,Antonio Giovinazzi,Alfa Romeo Racing Ferrari,11.0,18,,0.0,,No,2019,,,DNF
Great Britain,NC,8,Romain Grosjean,Haas Ferrari,14.0,9,,0.0,,No,2019,,,DNF
Great Britain,NC,20,Kevin Magnussen,Haas Ferrari,16.0,6,,0.0,,No,2019,,,DNF
Germany,1,33,Max Verstappen,Red Bull Racing Honda,2.0,64,,26.0,,Yes,2019,,,1:44:31.275
Germany,2,5,Sebastian Vettel,Ferrari,20.0,64,,18.0,,No,2019,,,+7.333
Germany,3,26,Daniil Kvyat,Scuderia Toro Rosso Honda,14.0,64,,15.0,,No,2019,,,+8.305
Germany,4,18,Lance Stroll,Racing Point BWT Mercedes,15.0,64,,12.0,,No,2019,,,+8.966
Germany,5,55,Carlos Sainz,McLaren Renault,7.0,64,,10.0,,No,2019,,,+9.583
Germany,6,23,Alexander Albon,Scuderia Toro Rosso Honda,16.0,64,,8.0,,No,2019,,,+10.052
Germany,7,8,Romain Grosjean,Haas Ferrari,6.0,64,,6.0,,No,2019,,,+16.838
Germany,8,20,Kevin Magnussen,Haas Ferrari,12.0,64,,4.0,,No,2019,,,+18.765
Germany,9,44,Lewis Hamilton,Mercedes,1.0,64,,2.0,,No,2019,,,+19.667
Germany,10,88,Robert Kubica,Williams Mercedes,18.0,64,,1.0,,No,2019,,,+24.987
Germany,11,63,George Russell,Williams Mercedes,17.0,64,,0.0,,No,2019,,,+26.404
Germany,12,7,Kimi Raikkönen,Alfa Romeo Racing Ferrari,5.0,64,,0.0,,No,2019,,,+42.214
Germany,13,99,Antonio Giovinazzi,Alfa Romeo Racing Ferrari,11.0,64,,0.0,,No,2019,,,+43.849
Germany,14,10,Pierre Gasly,Red Bull Racing Honda,4.0,61,,0.0,,No,2019,,,DNF
Germany,NC,77,Valtteri Bottas,Mercedes,3.0,56,,0.0,,No,2019,,,DNF
Germany,NC,27,Nico Hulkenberg,Renault,9.0,39,,0.0,,No,2019,,,DNF
Germany,NC,16,Charles Leclerc,Ferrari,10.0,27,,0.0,,No,2019,,,DNF
Germany,NC,4,Lando Norris,McLaren Renault,19.0,25,,0.0,,No,2019,,,DNF
Germany,NC,3,Daniel Ricciardo,Renault,13.0,13,,0.0,,No,2019,,,DNF
Germany,NC,11,Sergio Perez,Racing Point BWT Mercedes,8.0,1,,0.0,,No,2019,,,DNF
Hungary,1,44,Lewis Hamilton,Mercedes,3.0,70,,25.0,,No,2019,,,1:35:03.796
Hungary,2,33,Max Verstappen,Red Bull Racing Honda,1.0,70,,19.0,,Yes,2019,,,+17.796
Hungary,3,5,Sebastian Vettel,Ferrari,5.0,70,,15.0,,No,2019,,,+61.433
Hungary,4,16,Charles Leclerc,Ferrari,4.0,70,,12.0,,No,2019,,,+65.250
Hungary,5,55,Carlos Sainz,McLaren Renault,8.0,69,,10.0,,No,2019,,,+1 lap
Hungary,6,10,Pierre Gasly,Red Bull Racing Honda,6.0,69,,8.0,,No,2019,,,+1 lap
Hungary,7,7,Kimi Raikkönen,Alfa Romeo Racing Ferrari,10.0,69,,6.0,,No,2019,,,+1 lap
Hungary,8,77,Valtteri Bottas,Mercedes,2.0,69,,4.0,,No,2019,,,+1 lap
Hungary,9,4,Lando Norris,McLaren Renault,7.0,69,,2.0,,No,2019,,,+1 lap
Hungary,10,23,Alexander Albon,Scuderia Toro Rosso Honda,12.0,69,,1.0,,No,2019,,,+1 lap
Hungary,11,11,Sergio Perez,Racing Point BWT Mercedes,16.0,69,,0.0,,No,2019,,,+1 lap
Hungary,12,27,Nico Hulkenberg,Renault,11.0,69,,0.0,,No,2019,,,+1 lap
Hungary,13,20,Kevin Magnussen,Haas Ferrari,14.0,69,,0.0,,No,2019,,,+1 lap
Hungary,14,3,Daniel Ricciardo,Renault,20.0,69,,0.0,,No,2019,,,+1 lap
Hungary,15,26,Daniil Kvyat,Scuderia Toro Rosso Honda,13.0,68,,0.0,,No,2019,,,+2 laps
Hungary,16,63,George Russell,Williams Mercedes,15.0,68,,0.0,,No,2019,,,+2 laps
Hungary,17,18,Lance Stroll,Racing Point BWT Mercedes,18.0,68,,0.0,,No,2019,,,+2 laps
Hungary,18,99,Antonio Giovinazzi,Alfa Romeo Racing Ferrari,17.0,68,,0.0,,No,2019,,,+2 laps
Hungary,19,88,Robert Kubica,Williams Mercedes,19.0,67,,0.0,,No,2019,,,+3 laps
Hungary,NC,8,Romain Grosjean,Haas Ferrari,9.0,49,,0.0,,No,2019,,,DNF
Belgium,1,16,Charles Leclerc,Ferrari,1.0,44,,25.0,,No,2019,,,1:23:45.710
Belgium,2,44,Lewis Hamilton,Mercedes,3.0,44,,18.0,,No,2019,,,+0.981
Belgium,3,77,Valtteri Bottas,Mercedes,4.0,44,,15.0,,No,2019,,,+12.585
Belgium,4,5,Sebastian Vettel,Ferrari,2.0,44,,13.0,,Yes,2019,,,+26.422
Belgium,5,23,Alexander Albon,Red Bull Racing Honda,17.0,44,,10.0,,No,2019,,,+81.325
Belgium,6,11,Sergio Perez,Racing Point BWT Mercedes,7.0,44,,8.0,,No,2019,,,+84.448
Belgium,7,26,Daniil Kvyat,Scuderia Toro Rosso Honda,19.0,44,,6.0,,No,2019,,,+89.657
Belgium,8,27,Nico Hulkenberg,Renault,12.0,44,,4.0,,No,2019,,,+106.639
Belgium,9,10,Pierre Gasly,Scuderia Toro Rosso Honda,13.0,44,,2.0,,No,2019,,,+109.168
Belgium,10,18,Lance Stroll,Racing Point BWT Mercedes,16.0,44,,1.0,,No,2019,,,+109.838
Belgium,11,4,Lando Norris,McLaren Renault,11.0,43,,0.0,,No,2019,,,DNF
Belgium,12,20,Kevin Magnussen,Haas Ferrari,8.0,43,,0.0,,No,2019,,,+1 lap
Belgium,13,8,Romain Grosjean,Haas Ferrari,9.0,43,,0.0,,No,2019,,,+1 lap
Belgium,14,3,Daniel Ricciardo,Renault,10.0,43,,0.0,,No,2019,,,+1 lap
Belgium,15,63,George Russell,Williams Mercedes,14.0,43,,0.0,,No,2019,,,+1 lap
Belgium,16,7,Kimi Raikkönen,Alfa Romeo Racing Ferrari,6.0,43,,0.0,,No,2019,,,+1 lap
Belgium,17,88,Robert Kubica,Williams Mercedes,20.0,43,,0.0,,No,2019,,,+1 lap
Belgium,18,99,Antonio Giovinazzi,Alfa Romeo Racing Ferrari,18.0,42,,0.0,,No,2019,,,DNF
Belgium,NC,55,Carlos Sainz,McLaren Renault,15.0,1,,0.0,,No,2019,,,DNF
Belgium,NC,33,Max Verstappen,Red Bull Racing Honda,5.0,0,,0.0,,No,2019,,,DNF
Italy,1,16,Charles Leclerc,Ferrari,1.0,53,,25.0,,No,2019,,,1:15:26.665
Italy,2,77,Valtteri Bottas,Mercedes,3.0,53,,18.0,,No,2019,,,+0.835
Italy,3,44,Lewis Hamilton,Mercedes,2.0,53,,16.0,,Yes,2019,,,+35.199
Italy,4,3,Daniel Ricciardo,Renault,5.0,53,,12.0,,No,2019,,,+45.515
Italy,5,27,Nico Hulkenberg,Renault,6.0,53,,10.0,,No,2019,,,+58.165
Italy,6,23,Alexander Albon,Red Bull Racing Honda,8.0,53,,8.0,,No,2019,,,+59.315
Italy,7,11,Sergio Perez,Racing Point BWT Mercedes,18.0,53,,6.0,,No,2019,,,+73.802
Italy,8,33,Max Verstappen,Red Bull Racing Honda,19.0,53,,4.0,,No,2019,,,+74.492
Italy,9,99,Antonio Giovinazzi,Alfa Romeo Racing Ferrari,10.0,52,,2.0,,No,2019,,,+1 lap
Italy,10,4,Lando Norris,McLaren Renault,16.0,52,,1.0,,No,2019,,,+1 lap
Italy,11,10,Pierre Gasly,Scuderia Toro Rosso Honda,17.0,52,,0.0,,No,2019,,,+1 lap
Italy,12,18,Lance Stroll,Racing Point BWT Mercedes,9.0,52,,0.0,,No,2019,,,+1 lap
Italy,13,5,Sebastian Vettel,Ferrari,4.0,52,,0.0,,No,2019,,,+1 lap
Italy,14,63,George Russell,Ferrari,14.0,52,,0.0,,No,2019,,,+1 lap
Italy,15,7,Kimi Raikkönen,Alfa Romeo Racing Ferrari,20.0,52,,0.0,,No,2019,,,+1 lap
Italy,16,8,Romain Grosjean,Haas Ferrari,13.0,52,,0.0,,No,2019,,,+1 lap
Italy,17,88,Robert Kubica,Williams Mercedes,15.0,51,,0.0,,No,2019,,,+2 laps
Italy,NC,20,Kevin Magnussen,Haas Ferrari,11.0,43,,0.0,,No,2019,,,DNF
Italy,NC,26,Daniil Kvyat,Scuderia Toro Rosso Honda,12.0,29,,0.0,,No,2019,,,DNF
Italy,NC,55,Carlos Sainz,McLaren Renault,7.0,27,,0.0,,No,2019,,,DNF
Singapore,1,5,Sebastian Vettel,Ferrari,3.0,61,,25.0,,No,2019,,,1:58:33.667
Singapore,2,16,Charles Leclerc,Ferrari,1.0,61,,18.0,,No,2019,,,+2.641
Singapore,3,33,Max Verstappen,Red Bull Racing Honda,4.0,61,,15.0,,No,2019,,,+3.821
Singapore,4,44,Lewis Hamilton,Mercedes,2.0,61,,12.0,,No,2019,,,+4.608
Singapore,5,77,Valtteri Bottas,Mercedes,5.0,61,,10.0,,No,2019,,,+6.119
Singapore,6,23,Alexander Albon,Red Bull Racing Honda,6.0,61,,8.0,,No,2019,,,+11.663
Singapore,7,4,Lando Norris,McLaren Renault,9.0,61,,6.0,,No,2019,,,+14.769
Singapore,8,10,Pierre Gasly,Scuderia Toro Rosso Honda,11.0,61,,4.0,,No,2019,,,+15.547
Singapore,9,27,Nico Hulkenberg,Renault,8.0,61,,2.0,,No,2019,,,+16.718
Singapore,10,99,Antonio Giovinazzi,Alfa Romeo Racing Ferrari,10.0,61,,1.0,,No,2019,,,+27.855
Singapore,11,8,Romain Grosjean,Haas Ferrari,17.0,61,,0.0,,No,2019,,,+35.436
Singapore,12,55,Carlos Sainz,McLaren Renault,7.0,61,,0.0,,No,2019,,,+35.974
Singapore,13,18,Lance Stroll,Racing Point BWT Mercedes,16.0,61,,0.0,,No,2019,,,+36.419
Singapore,14,3,Daniel Ricciardo,Renault,20.0,61,,0.0,,No,2019,,,+37.660
Singapore,15,26,Daniil Kvyat,Scuderia Toro Rosso Honda,14.0,61,,0.0,,No,2019,,,+38.178
Singapore,16,88,Robert Kubica,Williams Mercedes,19.0,61,,0.0,,No,2019,,,+47.024
Singapore,17,20,Kevin Magnussen,Haas Ferrari,13.0,61,,0.0,,Yes,2019,,,+86.522
Singapore,NC,7,Kimi Raikkönen,Alfa Romeo Racing Ferrari,12.0,49,,0.0,,No,2019,,,DNF
Singapore,NC,11,Sergio Perez,Racing Point BWT Mercedes,15.0,42,,0.0,,No,2019,,,DNF
Singapore,NC,63,George Russell,Williams Mercedes,18.0,34,,0.0,,No,2019,,,DNF
Russia,1,44,Lewis Hamilton,Mercedes,2.0,53,,26.0,,Yes,2019,,,1:33:38.992
Russia,2,77,Valtteri Bottas,Mercedes,4.0,53,,18.0,,No,2019,,,+3.829
Russia,3,16,Charles Leclerc,Ferrari,1.0,53,,15.0,,No,2019,,,+5.212
Russia,4,33,Max Verstappen,Red Bull Racing Honda,9.0,53,,12.0,,No,2019,,,+14.210
Russia,5,23,Alexander Albon,Red Bull Racing Honda,20.0,53,,10.0,,No,2019,,,+38.348
Russia,6,55,Carlos Sainz,McLaren Renault,5.0,53,,8.0,,No,2019,,,+45.889
Russia,7,11,Sergio Perez,Racing Point BWT Mercedes,11.0,53,,6.0,,No,2019,,,+48.728
Russia,8,4,Lando Norris,McLaren Renault,7.0,53,,4.0,,No,2019,,,+57.749
Russia,9,20,Kevin Magnussen,Haas Ferrari,13.0,53,,2.0,,No,2019,,,+58.779
Russia,10,27,Nico Hulkenberg,Renault,6.0,53,,1.0,,No,2019,,,+59.841
Russia,11,18,Lance Stroll,Racing Point BWT Mercedes,14.0,53,,0.0,,No,2019,,,+60.821
Russia,12,26,Daniil Kvyat,Scuderia Toro Rosso Honda,19.0,53,,0.0,,No,2019,,,+62.496
Russia,13,7,Kimi Raikkönen,Alfa Romeo Racing Ferrari,15.0,53,,0.0,,No,2019,,,+68.910
Russia,14,10,Pierre Gasly,Scuderia Toro Rosso Honda,16.0,53,,0.0,,No,2019,,,+70.076
Russia,15,99,Antonio Giovinazzi,Alfa Romeo Racing Ferrari,12.0,53,,0.0,,No,2019,,,+73.346
Russia,NC,88,Robert Kubica,Williams Mercedes,18.0,28,,0.0,,No,2019,,,DNF
Russia,NC,63,George Russell,Williams Mercedes,17.0,27,,0.0,,No,2019,,,DNF
Russia,NC,5,Sebastian Vettel,Ferrari,3.0,26,,0.0,,No,2019,,,DNF
Russia,NC,3,Daniel Ricciardo,Renault,10.0,24,,0.0,,No,2019,,,DNF
Russia,NC,8,Romain Grosjean,Haas Ferrari,8.0,0,,0.0,,No,2019,,,DNF
Japan,1,77,Valtteri Bottas,Mercedes,3.0,52,,25.0,,No,2019,,,1:21:46.755
Japan,2,5,Sebastian Vettel,Ferrari,1.0,52,,18.0,,No,2019,,,+13.343
Japan,3,44,Lewis Hamilton,Mercedes,4.0,52,,16.0,,Yes,2019,,,+13.858
Japan,4,23,Alexander Albon,Red Bull Racing Honda,6.0,52,,12.0,,No,2019,,,+59.537
Japan,5,55,Carlos Sainz,McLaren Renault,7.0,52,,10.0,,No,2019,,,+69.101
Japan,DQ,3,Daniel Ricciardo,Renault,16.0,51,,0.0,,No,2019,,,+1 lap
Japan,6,16,Charles Leclerc,Ferrari,2.0,51,,8.0,,No,2019,,,+1 lap
Japan,7,10,Pierre Gasly,Scuderia Toro Rosso Honda,9.0,51,,6.0,,No,2019,,,+1 lap
Japan,8,11,Sergio Perez,Racing Point BWT Mercedes,17.0,51,,4.0,,No,2019,,,+1 lap
Japan,DQ,27,Nico Hulkenberg,Renault,15.0,51,,0.0,,No,2019,,,+1 lap
Japan,9,18,Lance Stroll,Racing Point BWT Mercedes,12.0,51,,2.0,,No,2019,,,+1 lap
Japan,10,26,Daniil Kvyat,Scuderia Toro Rosso Honda,14.0,51,,1.0,,No,2019,,,+1 lap
Japan,11,4,Lando Norris,McLaren Renault,8.0,51,,0.0,,No,2019,,,+1 lap
Japan,12,7,Kimi Raikkönen,Haas Ferrari,13.0,51,,0.0,,No,2019,,,+1 lap
Japan,13,8,Romain Grosjean,Haas Ferrari,10.0,51,,0.0,,No,2019,,,+1 lap
Japan,14,99,Antonio Giovinazzi,Alfa Romeo Racing Ferrari,11.0,51,,0.0,,No,2019,,,+1 lap
Japan,15,20,Kevin Magnussen,Haas Ferrari,19.0,51,,0.0,,No,2019,,,+1 lap
Japan,16,63,George Russell,Williams Mercedes,18.0,50,,0.0,,No,2019,,,+2 laps
Japan,17,88,Robert Kubica,Williams Mercedes,20.0,50,,0.0,,No,2019,,,+2 laps
Japan,NC,33,Max Verstappen,Red Bull Racing Honda,5.0,14,,0.0,,No,2019,,,DNF
Mexico,1,44,Lewis Hamilton,Mercedes,3.0,71,,25.0,,No,2019,,,1:36:48.904
Mexico,2,5,Sebastian Vettel,Ferrari,2.0,71,,18.0,,No,2019,,,+1.766
Mexico,3,77,Valtteri Bottas,Mercedes,6.0,71,,15.0,,No,2019,,,+3.553
Mexico,4,16,Charles Leclerc,Ferrari,1.0,71,,13.0,,Yes,2019,,,+6.368
Mexico,5,23,Alexander Albon,Red Bull Racing Honda,5.0,71,,10.0,,No,2019,,,+21.399
Mexico,6,33,Max Verstappen,Red Bull Racing Honda,4.0,71,,8.0,,No,2019,,,+68.807
Mexico,7,11,Sergio Perez,Racing Point BWT Mercedes,11.0,71,,6.0,,No,2019,,,+73.819
Mexico,8,3,Daniel Ricciardo,Renault,13.0,71,,4.0,,No,2019,,,+74.924
Mexico,9,10,Pierre Gasly,Scuderia Toro Rosso Honda,10.0,70,,2.0,,No,2019,,,+1 lap
Mexico,10,27,Nico Hulkenberg,Renault,12.0,70,,1.0,,No,2019,,,+1 lap
Mexico,11,26,Daniil Kvyat,Scuderia Toro Rosso Honda,9.0,70,,0.0,,No,2019,,,+1 lap
Mexico,12,18,Lance Stroll,Racing Point BWT Mercedes,16.0,70,,0.0,,No,2019,,,+1 lap
Mexico,13,55,Carlos Sainz,McLaren Renault,7.0,70,,0.0,,No,2019,,,+1 lap
Mexico,14,99,Antonio Giovinazzi,Alfa Romeo Racing Ferrari,15.0,70,,0.0,,No,2019,,,+1 lap
Mexico,15,20,Kevin Magnussen,Haas Ferrari,17.0,69,,0.0,,No,2019,,,+2 laps
Mexico,16,63,George Russell,Williams Mercedes,19.0,69,,0.0,,No,2019,,,+2 laps
Mexico,17,8,Romain Grosjean,Haas Ferrari,18.0,69,,0.0,,No,2019,,,+2 laps
Mexico,18,88,Robert Kubica,Williams Mercedes,20.0,69,,0.0,,No,2019,,,+2 laps
Mexico,NC,7,Kimi Raikkönen,Alfa Romeo Racing Ferrari,14.0,58,,0.0,,No,2019,,,DNF
Mexico,NC,4,Lando Norris,McLaren Renault,8.0,48,,0.0,,No,2019,,,DNF
United States,1,77,Valtteri Bottas,Mercedes,1.0,56,,25.0,,No,2019,,,1:33:55.653
United States,2,44,Lewis Hamilton,Mercedes,5.0,56,,18.0,,No,2019,,,+4.148
United States,3,33,Max Verstappen,Red Bull Racing Honda,3.0,56,,15.0,,No,2019,,,+5.002
United States,4,16,Charles Leclerc,Ferrari,4.0,56,,13.0,,Yes,2019,,,+52.239
United States,5,23,Alexander Albon,Red Bull Racing Honda,6.0,56,,10.0,,No,2019,,,+78.038
United States,6,3,Daniel Ricciardo,Renault,9.0,56,,8.0,,No,2019,,,+90.366
United States,7,4,Lando Norris,McLaren Renault,8.0,56,,6.0,,No,2019,,,+90.764
United States,8,55,Carlos Sainz,McLaren Renault,7.0,55,,4.0,,No,2019,,,+1 lap
United States,9,27,Nico Hulkenberg,Renault,11.0,55,,2.0,,No,2019,,,+1 lap
United States,10,11,Sergio Perez,Racing Point BWT Mercedes,20.0,55,,1.0,,No,2019,,,+1 lap
United States,11,7,Kimi Raikkönen,Alfa Romeo Racing Ferrari,17.0,55,,0.0,,No,2019,,,+1 lap
United States,12,26,Daniil Kvyat,Scuderia Toro Rosso Honda,13.0,55,,0.0,,No,2019,,,+1 lap
United States,13,18,Lance Stroll,Racing Point BWT Mercedes,14.0,55,,0.0,,No,2019,,,+1 lap
United States,14,99,Antonio Giovinazzi,Alfa Romeo Racing Ferrari,16.0,55,,0.0,,No,2019,,,+1 lap
United States,15,8,Romain Grosjean,Haas Ferrari,15.0,55,,0.0,,No,2019,,,+1 lap
United States,16,10,Pierre Gasly,Scuderia Toro Rosso Honda,10.0,54,,0.0,,No,2019,,,DNF
United States,17,63,George Russell,Williams Mercedes,18.0,54,,0.0,,No,2019,,,+2 laps
United States,18,20,Kevin Magnussen,Haas Ferrari,12.0,52,,0.0,,No,2019,,,DNF
United States,NC,88,Robert Kubica,Williams Mercedes,19.0,31,,0.0,,No,2019,,,DNF
United States,NC,5,Sebastian Vettel,Ferrari,2.0,7,,0.0,,No,2019,,,DNF
Brazil,1,33,Max Verstappen,Red Bull Racing Honda,1.0,71,,25.0,,No,2019,,,1:33:14.678
Brazil,2,10,Pierre Gasly,Scuderia Toro Rosso Honda,6.0,71,,18.0,,No,2019,,,+6.077
Brazil,3,55,Carlos Sainz,McLaren Renault,20.0,71,,15.0,,No,2019,,,+8.896
Brazil,4,7,Kimi Raikkönen,Alfa Romeo Racing Ferrari,8.0,71,,12.0,,No,2019,,,+9.452
Brazil,5,99,Antonio Giovinazzi,Alfa Romeo Racing Ferrari,12.0,71,,10.0,,No,2019,,,+10.201
Brazil,6,3,Daniel Ricciardo,Renault,11.0,71,,8.0,,No,2019,,,+10.541
Brazil,7,44,Lewis Hamilton,Mercedes,3.0,71,,6.0,,No,2019,,,+11.139
Brazil,8,4,Lando Norris,McLaren Renault,10.0,71,,4.0,,No,2019,,,+11.204
Brazil,9,11,Sergio Perez,Racing Point BWT Mercedes,15.0,71,,2.0,,No,2019,,,+11.529
Brazil,10,26,Daniil Kvyat,Scuderia Toro Rosso Honda,16.0,71,,1.0,,No,2019,,,+11.931
Brazil,11,20,Kevin Magnussen,Haas Ferrari,9.0,71,,0.0,,No,2019,,,+12.599
Brazil,12,63,George Russell,Williams Mercedes,18.0,71,,0.0,,No,2019,,,+13.599
Brazil,13,8,Romain Grosjean,Haas Ferrari,7.0,71,,0.0,,No,2019,,,+14.247
Brazil,14,23,Alexander Albon,Red Bull Racing Honda,5.0,71,,0.0,,No,2019,,,+14.927
Brazil,15,27,Nico Hulkenberg,Renault,13.0,71,,0.0,,No,2019,,,+18.059
Brazil,16,88,Robert Kubica,Williams Mercedes,19.0,70,,0.0,,No,2019,,,+1 lap
Brazil,17,5,Sebastian Vettel,Ferrari,2.0,65,,0.0,,No,2019,,,DNF
Brazil,18,16,Charles Leclerc,Ferrari,14.0,65,,0.0,,No,2019,,,DNF
Brazil,19,18,Lance Stroll,Racing Point BWT Mercedes,17.0,65,,0.0,,No,2019,,,DNF
Brazil,NC,77,Valtteri Bottas,Mercedes,4.0,51,,0.0,,Yes,2019,,,DNF
Abu Dhabi,1,44,Lewis Hamilton,Mercedes,1.0,55,,26.0,,Yes,2019,,,1:34:05.715
Abu Dhabi,2,33,Max Verstappen,Red Bull Racing Honda,2.0,55,,18.0,,No,2019,,,+16.772
Abu Dhabi,3,16,Charles Leclerc,Ferrari,3.0,55,,15.0,,No,2019,,,+43.435
Abu Dhabi,4,77,Valtteri Bottas,Mercedes,20.0,55,,12.0,,No,2019,,,+44.379
Abu Dhabi,5,5,Sebastian Vettel,Ferrari,4.0,55,,10.0,,No,2019,,,+64.357
Abu Dhabi,6,23,Alexander Albon,Red Bull Racing Honda,5.0,55,,8.0,,No,2019,,,+69.205
Abu Dhabi,7,11,Sergio Perez,Racing Point BWT Mercedes,10.0,54,,6.0,,No,2019,,,+1 lap
Abu Dhabi,8,4,Lando Norris,McLaren Renault,6.0,54,,4.0,,No,2019,,,+1 lap
Abu Dhabi,9,26,Daniil Kvyat,Scuderia Toro Rosso Honda,13.0,54,,2.0,,No,2019,,,+1 lap
Abu Dhabi,10,55,Carlos Sainz,McLaren Renault,8.0,54,,1.0,,No,2019,,,+1 lap
Abu Dhabi,11,3,Daniel Ricciardo,Renault,7.0,54,,0.0,,No,2019,,,+1 lap
Abu Dhabi,12,27,Nico Hulkenberg,Renault,9.0,54,,0.0,,No,2019,,,+1 lap
Abu Dhabi,13,7,Kimi Raikkönen,Alfa Romeo Racing Ferrari,17.0,54,,0.0,,No,2019,,,+1 lap
Abu Dhabi,14,20,Kevin Magnussen,Haas Ferrari,14.0,54,,0.0,,No,2019,,,+1 lap
Abu Dhabi,15,8,Romain Grosjean,Haas Ferrari,15.0,54,,0.0,,No,2019,,,+1 lap
Abu Dhabi,16,99,Antonio Giovinazzi,Alfa Romeo Racing Ferrari,16.0,54,,0.0,,No,2019,,,+1 lap
Abu Dhabi,17,63,George Russell,Williams Mercedes,18.0,54,,0.0,,No,2019,,,+1 lap
Abu Dhabi,18,10,Pierre Gasly,Scuderia Toro Rosso Honda,11.0,53,,0.0,,No,2019,,,+2 laps
Abu Dhabi,19,88,Robert Kubica,Williams Mercedes,19.0,53,,0.0,,No,2019,,,+2 laps
Abu Dhabi,NC,18,Lance Stroll,Racing Point BWT Mercedes,12.0,45,,0.0,,No,2019,,,DNF
Austria,1,77,Valtteri Bottas,Mercedes,1.0,71,,25.0,,No,2020,,,1:30:55.739
Austria,2,16,Charles Leclerc,Ferrari,7.0,71,,18.0,,No,2020,,,+2.700
Austria,3,4,Lando Norris,McLaren Renault,3.0,71,,16.0,,Yes,2020,,,+5.491
Austria,4,44,Lewis Hamilton,Mercedes,5.0,71,,12.0,,No,2020,,,+5.689
Austria,5,55,Carlos Sainz,McLaren Renault,8.0,71,,10.0,,No,2020,,,+8.903
Austria,6,11,Sergio Perez,Racing Point BWT Mercedes,6.0,71,,8.0,,No,2020,,,+15.092
Austria,7,10,Pierre Gasly,AlphaTauri Honda,12.0,71,,6.0,,No,2020,,,+16.682
Austria,8,31,Esteban Ocon,Renault,14.0,71,,4.0,,No,2020,,,+17.456
Austria,9,99,Antonio Giovinazzi,Alfa Romeo Racing Ferrari,18.0,71,,2.0,,No,2020,,,+21.146
Austria,10,5,Sebastian Vettel,Ferrari,11.0,71,,1.0,,No,2020,,,+24.545
Austria,11,6,Nicholas Latifi,Williams Mercedes,20.0,71,,0.0,,No,2020,,,+31.650
Austria,12,26,Daniil Kvyat,AlphaTauri Honda,13.0,69,,0.0,,No,2020,,,DNF
Austria,13,23,Alexander Albon,Red Bull Racing Honda,4.0,67,,0.0,,No,2020,,,DNF
Austria,NC,7,Kimi Raikkönen,Alfa Romeo Racing Ferrari,19.0,53,,0.0,,No,2020,,,DNF
Austria,NC,63,George Russell,Williams Mercedes,17.0,49,,0.0,,No,2020,,,DNF
Austria,NC,8,Romain Grosjean,Haas Ferrari,15.0,49,,0.0,,No,2020,,,DNF
Austria,NC,20,Kevin Magnussen,Haas Ferrari,16.0,24,,0.0,,No,2020,,,DNF
Austria,NC,18,Lance Stroll,Racing Point BWT Mercedes,9.0,20,,0.0,,No,2020,,,DNF
Austria,NC,3,Daniel Ricciardo,Renault,10.0,17,,0.0,,No,2020,,,DNF
Austria,NC,33,Max Verstappen,Red Bull Racing Honda,2.0,11,,0.0,,No,2020,,,DNF
Styria,1,44,Lewis Hamilton,Mercedes,1.0,71,,25.0,,No,2020,,,1:22:50.683
Styria,2,77,Valtteri Bottas,Mercedes,4.0,71,,18.0,,No,2020,,,+13.719
Styria,3,33,Max Verstappen,Red Bull Racing Honda,2.0,71,,15.0,,No,2020,,,+33.698
Styria,4,23,Alexander Albon,Red Bull Racing Honda,6.0,71,,12.0,,No,2020,,,+44.400
Styria,5,4,Lando Norris,McLaren Renault,9.0,71,,10.0,,No,2020,,,+61.470
Styria,6,11,Sergio Perez,Racing Point BWT Mercedes,17.0,71,,8.0,,No,2020,,,+62.387
Styria,7,18,Lance Stroll,Racing Point BWT Mercedes,12.0,71,,6.0,,No,2020,,,+62.453
Styria,8,3,Daniel Ricciardo,Renault,8.0,71,,4.0,,No,2020,,,+62.591
Styria,9,55,Carlos Sainz,McLaren Renault,3.0,70,,3.0,,Yes,2020,,,+1 lap
Styria,10,26,Daniil Kvyat,AlphaTauri Honda,13.0,70,,1.0,,No,2020,,,+1 lap
Styria,11,7,Kimi Raikkönen,Alfa Romeo Racing Ferrari,16.0,70,,0.0,,No,2020,,,+1 lap
Styria,12,20,Kevin Magnussen,Haas Ferrari,15.0,70,,0.0,,No,2020,,,+1 lap
Styria,13,8,Romain Grosjean,Haas Ferrari,20.0,70,,0.0,,No,2020,,,+1 lap
Styria,14,99,Antonio Giovinazzi,Alfa Romeo Racing Ferrari,19.0,70,,0.0,,No,2020,,,+1 lap
Styria,15,10,Pierre Gasly,AlphaTauri Honda,7.0,70,,0.0,,No,2020,,,+1 lap
Styria,16,63,George Russell,Williams Mercedes,11.0,69,,0.0,,No,2020,,,+2 laps
Styria,17,6,Nicholas Latifi,Williams Mercedes,18.0,69,,0.0,,No,2020,,,+2 laps
Styria,NC,31,Esteban Ocon,Renault,5.0,25,,0.0,,No,2020,,,DNF
Styria,NC,16,Charles Leclerc,Ferrari,14.0,4,,0.0,,No,2020,,,DNF
Styria,NC,5,Sebastian Vettel,Ferrari,10.0,1,,0.0,,No,2020,,,DNF
Hungary,1,44,Lewis Hamilton,Mercedes,1.0,70,,26.0,,Yes,2020,,,1:36:12.473
Hungary,2,33,Max Verstappen,Red Bull Racing Honda,7.0,70,,18.0,,No,2020,,,+8.702
Hungary,3,77,Valtteri Bottas,Mercedes,2.0,70,,15.0,,No,2020,,,+9.452
Hungary,4,18,Lance Stroll,Racing Point BWT Mercedes,3.0,70,,12.0,,No,2020,,,+57.579
Hungary,5,23,Alexander Albon,Red Bull Racing Honda,13.0,70,,10.0,,No,2020,,,+78.316
Hungary,6,5,Sebastian Vettel,Ferrari,5.0,69,,8.0,,No,2020,,,+1 lap
Hungary,7,11,Sergio Perez,Racing Point BWT Mercedes,4.0,69,,6.0,,No,2020,,,+1 lap
Hungary,8,3,Daniel Ricciardo,Renault,11.0,69,,4.0,,No,2020,,,+1 lap
Hungary,9,55,Carlos Sainz,McLaren Renault,9.0,69,,2.0,,No,2020,,,+1 lap
Hungary,10,20,Kevin Magnussen,Haas Ferrari,16.0,69,,1.0,,No,2020,,,+1 lap
Hungary,11,16,Charles Leclerc,Ferrari,6.0,69,,0.0,,No,2020,,,+1 lap
Hungary,12,26,Daniil Kvyat,AlphaTauri Honda,17.0,69,,0.0,,No,2020,,,+1 lap
Hungary,13,4,Lando Norris,McLaren Renault,8.0,69,,0.0,,No,2020,,,+1 lap
Hungary,14,31,Esteban Ocon,Renault,14.0,69,,0.0,,No,2020,,,+1 lap
Hungary,15,7,Kimi Raikkönen,Alfa Romeo Racing Ferrari,20.0,69,,0.0,,No,2020,,,+1 lap
Hungary,16,8,Romain Grosjean,Haas Ferrari,18.0,69,,0.0,,No,2020,,,+1 lap
Hungary,17,99,Antonio Giovinazzi,Alfa Romeo Racing Ferrari,19.0,69,,0.0,,No,2020,,,+1 lap
Hungary,18,63,George Russell,Williams Mercedes,12.0,69,,0.0,,No,2020,,,+1 lap
Hungary,19,6,Nicholas Latifi,Williams Mercedes,15.0,65,,0.0,,No,2020,,,+5 laps
Hungary,NC,10,Pierre Gasly,AlphaTauri Honda,10.0,15,,0.0,,No,2020,,,DNF
Great Britain,1,44,Lewis Hamilton,Mercedes,1.0,52,,25.0,,No,2020,,,1:28:01.283
Great Britain,2,33,Max Verstappen,Red Bull Racing Honda,3.0,52,,19.0,,Yes,2020,,,+5.856
Great Britain,3,16,Charles Leclerc,Ferrari,4.0,52,,15.0,,No,2020,,,+18.474
Great Britain,4,3,Daniel Ricciardo,Renault,8.0,52,,12.0,,No,2020,,,+19.650
Great Britain,5,4,Lando Norris,McLaren Renault,5.0,52,,10.0,,No,2020,,,+22.277
Great Britain,6,31,Esteban Ocon,Renault,9.0,52,,8.0,,No,2020,,,+26.937
Great Britain,7,10,Pierre Gasly,AlphaTauri Honda,11.0,52,,6.0,,No,2020,,,+31.188
Great Britain,8,23,Alexander Albon,Red Bull Racing Honda,12.0,52,,4.0,,No,2020,,,+32.670
Great Britain,9,18,Lance Stroll,Racing Point BWT Mercedes,6.0,52,,2.0,,No,2020,,,+37.311
Great Britain,10,5,Sebastian Vettel,Ferrari,10.0,52,,1.0,,No,2020,,,+41.857
Great Britain,11,77,Valtteri Bottas,Mercedes,2.0,52,,0.0,,No,2020,,,+42.167
Great Britain,12,63,George Russell,Williams Mercedes,20.0,52,,0.0,,No,2020,,,+52.004
Great Britain,13,55,Carlos Sainz,McLaren Renault,7.0,52,,0.0,,No,2020,,,+53.370
Great Britain,14,99,Antonio Giovinazzi,Alfa Romeo Racing Ferrari,15.0,52,,0.0,,No,2020,,,+54.205
Great Britain,15,6,Nicholas Latifi,Williams Mercedes,18.0,52,,0.0,,No,2020,,,+54.549
Great Britain,16,8,Romain Grosjean,Haas Ferrari,17.0,52,,0.0,,No,2020,,,+55.050
Great Britain,17,7,Kimi Raikkönen,Alfa Romeo Racing Ferrari,16.0,51,,0.0,,No,2020,,,+1 lap
Great Britain,NC,26,Daniil Kvyat,AlphaTauri Honda,19.0,11,,0.0,,No,2020,,,DNF
Great Britain,NC,20,Kevin Magnussen,Haas Ferrari,14.0,1,,0.0,,No,2020,,,DNF
Great Britain,NC,27,Nico Hulkenberg,Racing Point BWT Mercedes,13.0,0,,0.0,,No,2020,,,DNS
70th Anniversary,1,33,Max Verstappen,Red Bull Racing Honda,4.0,52,,25.0,,No,2020,,,1:19:41.993
70th Anniversary,2,44,Lewis Hamilton,Mercedes,2.0,52,,19.0,,Yes,2020,,,+11.326
70th Anniversary,3,77,Valtteri Bottas,Mercedes,1.0,52,,15.0,,No,2020,,,+19.231
70th Anniversary,4,16,Charles Leclerc,Ferrari,8.0,52,,12.0,,No,2020,,,+29.289
70th Anniversary,5,23,Alexander Albon,Red Bull Racing Honda,9.0,52,,10.0,,No,2020,,,+39.146
70th Anniversary,6,18,Lance Stroll,Racing Point BWT Mercedes,6.0,52,,8.0,,No,2020,,,+42.538
70th Anniversary,7,27,Nico Hulkenberg,Racing Point BWT Mercedes,3.0,52,,6.0,,No,2020,,,+55.951
70th Anniversary,8,31,Esteban Ocon,Renault,14.0,52,,4.0,,No,2020,,,+64.773
70th Anniversary,9,4,Lando Norris,McLaren Renault,10.0,52,,2.0,,No,2020,,,+65.544
70th Anniversary,10,26,Daniil Kvyat,AlphaTauri Honda,16.0,52,,1.0,,No,2020,,,+69.669
70th Anniversary,11,10,Pierre Gasly,AlphaTauri Honda,7.0,52,,0.0,,No,2020,,,+70.642
70th Anniversary,12,5,Sebastian Vettel,Ferrari,11.0,52,,0.0,,No,2020,,,+73.370
70th Anniversary,13,55,Carlos Sainz,McLaren Renault,12.0,52,,0.0,,No,2020,,,+74.070
70th Anniversary,14,3,Daniel Ricciardo,Renault,5.0,51,,0.0,,No,2020,,,+1 lap
70th Anniversary,15,7,Kimi Raikkönen,Alfa Romeo Racing Ferrari,20.0,51,,0.0,,No,2020,,,+1 lap
70th Anniversary,16,8,Romain Grosjean,Haas Ferrari,13.0,51,,0.0,,No,2020,,,+1 lap
70th Anniversary,17,99,Antonio Giovinazzi,Alfa Romeo Racing Ferrari,19.0,51,,0.0,,No,2020,,,+1 lap
70th Anniversary,18,63,George Russell,Williams Mercedes,15.0,51,,0.0,,No,2020,,,+1 lap
70th Anniversary,19,6,Nicholas Latifi,Williams Mercedes,18.0,51,,0.0,,No,2020,,,+1 lap
70th Anniversary,NC,20,Kevin Magnussen,Haas Ferrari,17.0,43,,0.0,,No,2020,,,DNF
Spain,1,44,Lewis Hamilton,Mercedes,1.0,66,,25.0,,No,2020,,,1:31:45.279
Spain,2,33,Max Verstappen,Red Bull Racing Honda,3.0,66,,18.0,,No,2020,,,+24.177
Spain,3,77,Valtteri Bottas,Mercedes,2.0,66,,16.0,,Yes,2020,,,+44.752
Spain,4,18,Lance Stroll,Racing Point BWT Mercedes,5.0,65,,12.0,,No,2020,,,+1 lap
Spain,5,11,Sergio Perez,Racing Point BWT Mercedes,4.0,65,,10.0,,No,2020,,,+1 lap
Spain,6,55,Carlos Sainz,McLaren Renault,7.0,65,,8.0,,No,2020,,,+1 lap
Spain,7,5,Sebastian Vettel,Ferrari,11.0,65,,6.0,,No,2020,,,+1 lap
Spain,8,23,Alexander Albon,Red Bull Racing Honda,6.0,65,,4.0,,No,2020,,,+1 lap
Spain,9,10,Pierre Gasly,AlphaTauri Honda,10.0,65,,2.0,,No,2020,,,+1 lap
Spain,10,4,Lando Norris,McLaren Renault,8.0,65,,1.0,,No,2020,,,+1 lap
Spain,11,3,Daniel Ricciardo,Renault,13.0,65,,0.0,,No,2020,,,+1 lap
Spain,12,26,Daniil Kvyat,AlphaTauri Honda,12.0,65,,0.0,,No,2020,,,+1 lap
Spain,13,31,Esteban Ocon,Renault,15.0,65,,0.0,,No,2020,,,+1 lap
Spain,14,7,Kimi Raikkönen,Alfa Romeo Racing Ferrari,14.0,65,,0.0,,No,2020,,,+1 lap
Spain,15,20,Kevin Magnussen,Haas Ferrari,16.0,65,,0.0,,No,2020,,,+1 lap
Spain,16,99,Antonio Giovinazzi,Alfa Romeo Racing Ferrari,20.0,65,,0.0,,No,2020,,,+1 lap
Spain,17,63,George Russell,Williams Mercedes,18.0,65,,0.0,,No,2020,,,+1 lap
Spain,18,6,Nicholas Latifi,Williams Mercedes,19.0,64,,0.0,,No,2020,,,+2 laps
Spain,19,8,Romain Grosjean,Haas Ferrari,17.0,64,,0.0,,No,2020,,,+2 laps
Spain,NC,16,Charles Leclerc,Ferrari,9.0,38,,0.0,,No,2020,,,DNF
Belgium,1,44,Lewis Hamilton,Mercedes,1.0,44,,25.0,,No,2020,,,1:24:08.761
Belgium,2,77,Valtteri Bottas,Mercedes,2.0,44,,18.0,,No,2020,,,+8.448
Belgium,3,33,Max Verstappen,Red Bull Racing Honda,3.0,44,,15.0,,No,2020,,,+15.455
Belgium,4,3,Daniel Ricciardo,Renault,4.0,44,,13.0,,Yes,2020,,,+18.877
Belgium,5,31,Esteban Ocon,Renault,6.0,44,,10.0,,No,2020,,,+40.650
Belgium,6,23,Alexander Albon,Red Bull Racing Honda,5.0,44,,8.0,,No,2020,,,+42.712
Belgium,7,4,Lando Norris,McLaren Renault,10.0,44,,6.0,,No,2020,,,+43.774
Belgium,8,10,Pierre Gasly,AlphaTauri Honda,12.0,44,,4.0,,No,2020,,,+47.371
Belgium,9,18,Lance Stroll,Racing Point BWT Mercedes,9.0,44,,2.0,,No,2020,,,+52.603
Belgium,10,11,Sergio Perez,Racing Point BWT Mercedes,8.0,44,,1.0,,No,2020,,,+53.179
Belgium,11,26,Daniil Kvyat,AlphaTauri Honda,11.0,44,,0.0,,No,2020,,,+70.200
Belgium,12,7,Kimi Raikkönen,Alfa Romeo Racing Ferrari,16.0,44,,0.0,,No,2020,,,+71.504
Belgium,13,5,Sebastian Vettel,Ferrari,14.0,44,,0.0,,No,2020,,,+72.894
Belgium,14,16,Charles Leclerc,Ferrari,13.0,44,,0.0,,No,2020,,,+74.920
Belgium,15,8,Romain Grosjean,Haas Ferrari,17.0,44,,0.0,,No,2020,,,+76.793
Belgium,16,6,Nicholas Latifi,Williams Mercedes,19.0,44,,0.0,,No,2020,,,+77.795
Belgium,17,20,Kevin Magnussen,Haas Ferrari,20.0,44,,0.0,,No,2020,,,+85.540
Belgium,NC,99,Antonio Giovinazzi,Alfa Romeo Racing Ferrari,18.0,9,,0.0,,No,2020,,,DNF
Belgium,NC,63,George Russell,Williams Mercedes,15.0,9,,0.0,,No,2020,,,DNF
Belgium,NC,55,Carlos Sainz,McLaren Renault,7.0,0,,0.0,,No,2020,,,DNS
Italy,1,10,Pierre Gasly,AlphaTauri Honda,1.0,53,,25.0,,No,2020,,,1:47:06.056
Italy,2,55,Carlos Sainz,McLaren Renault,3.0,53,,18.0,,No,2020,,,+0.415
Italy,3,18,Lance Stroll,Racing Point BWT Mercedes,8.0,53,,15.0,,No,2020,,,+3.358
Italy,4,4,Lando Norris,McLaren Renault,6.0,53,,12.0,,No,2020,,,+6.000
Italy,5,77,Valtteri Bottas,Mercedes,2.0,53,,10.0,,No,2020,,,+7.108
Italy,6,3,Daniel Ricciardo,Renault,7.0,53,,8.0,,No,2020,,,+8.391
Italy,7,44,Lewis Hamilton,Mercedes,1.0,53,,7.0,,Yes,2020,,,+17.245
Italy,8,31,Esteban Ocon,Renault,12.0,53,,4.0,,No,2020,,,+18.691
Italy,9,26,Daniil Kvyat,AlphaTauri Honda,11.0,53,,2.0,,No,2020,,,+22.208
Italy,10,11,Sergio Perez,Racing Point BWT Mercedes,4.0,53,,1.0,,No,2020,,,+23.224
Italy,11,6,Nicholas Latifi,Williams Mercedes,20.0,53,,0.0,,No,2020,,,+32.876
Italy,12,8,Romain Grosjean,Haas Ferrari,16.0,53,,0.0,,No,2020,,,+35.164
Italy,13,7,Kimi Raikkönen,Alfa Romeo Racing Ferrari,14.0,53,,0.0,,No,2020,,,+36.312
Italy,14,63,George Russell,Williams Mercedes,19.0,53,,0.0,,No,2020,,,+36.593
Italy,15,23,Alexander Albon,Red Bull Racing Honda,9.0,53,,0.0,,No,2020,,,+37.533
Italy,16,99,Antonio Giovinazzi,Alfa Romeo Racing Ferrari,18.0,53,,0.0,,No,2020,,,+55.199
Italy,NC,33,Max Verstappen,Red Bull Racing Honda,5.0,30,,0.0,,No,2020,,,DNF
Italy,NC,16,Charles Leclerc,Ferrari,13.0,23,,0.0,,No,2020,,,DNF
Italy,NC,20,Kevin Magnussen,Haas Ferrari,15.0,17,,0.0,,No,2020,,,DNF
Italy,NC,5,Sebastian Vettel,Ferrari,17.0,6,,0.0,,No,2020,,,DNF
Tuscany,1,44,Lewis Hamilton,Mercedes,1.0,59,,26.0,,Yes,2020,,,2:19:35.060
Tuscany,2,77,Valtteri Bottas,Mercedes,2.0,59,,18.0,,No,2020,,,+4.880
Tuscany,3,23,Alexander Albon,Red Bull Racing Honda,4.0,59,,15.0,,No,2020,,,+8.064
Tuscany,4,3,Daniel Ricciardo,Renault,8.0,59,,12.0,,No,2020,,,+10.417
Tuscany,5,11,Sergio Perez,Racing Point BWT Mercedes,7.0,59,,10.0,,No,2020,,,+15.650
Tuscany,6,4,Lando Norris,McLaren Renault,11.0,59,,8.0,,No,2020,,,+18.883
Tuscany,7,26,Daniil Kvyat,AlphaTauri Honda,12.0,59,,6.0,,No,2020,,,+21.756
Tuscany,8,16,Charles Leclerc,Ferrari,5.0,59,,4.0,,No,2020,,,+28.345
Tuscany,9,7,Kimi Raikkönen,Alfa Romeo Racing Ferrari,13.0,59,,2.0,,No,2020,,,+29.770
Tuscany,10,5,Sebastian Vettel,Ferrari,14.0,59,,1.0,,No,2020,,,+29.983
Tuscany,11,63,George Russell,Williams Mercedes,18.0,59,,0.0,,No,2020,,,+32.404
Tuscany,12,8,Romain Grosjean,Haas Ferrari,15.0,59,,0.0,,No,2020,,,+42.036
Tuscany,NC,18,Lance Stroll,Racing Point BWT Mercedes,6.0,42,,0.0,,No,2020,,,DNF
Tuscany,NC,31,Esteban Ocon,Renault,10.0,7,,0.0,,No,2020,,,DNF
Tuscany,NC,6,Nicholas Latifi,Williams Mercedes,19.0,6,,0.0,,No,2020,,,DNF
Tuscany,NC,20,Kevin Magnussen,Haas Ferrari,20.0,5,,0.0,,No,2020,,,DNF
Tuscany,NC,99,Antonio Giovinazzi,Alfa Romeo Racing Ferrari,17.0,5,,0.0,,No,2020,,,DNF
Tuscany,NC,55,Carlos Sainz,McLaren Renault,9.0,5,,0.0,,No,2020,,,DNF
Tuscany,NC,33,Max Verstappen,Red Bull Racing Honda,3.0,0,,0.0,,No,2020,,,DNF
Tuscany,NC,10,Pierre Gasly,AlphaTauri Honda,16.0,0,,0.0,,No,2020,,,DNF
Russia,1,77,Valtteri Bottas,Mercedes,3.0,53,,26.0,,Yes,2020,,,1:34:00.364
Russia,2,33,Max Verstappen,Red Bull Racing Honda,2.0,53,,18.0,,No,2020,,,+7.729
Russia,3,44,Lewis Hamilton,Mercedes,1.0,53,,15.0,,No,2020,,,+22.729
Russia,4,11,Sergio Perez,Racing Point BWT Mercedes,4.0,53,,12.0,,No,2020,,,+30.558
Russia,5,3,Daniel Ricciardo,Renault,5.0,53,,10.0,,No,2020,,,+52.065
Russia,6,16,Charles Leclerc,Ferrari,10.0,53,,8.0,,No,2020,,,+62.186
Russia,7,31,Esteban Ocon,Renault,7.0,53,,6.0,,No,2020,,,+68.006
Russia,8,26,Daniil Kvyat,AlphaTauri Honda,11.0,53,,4.0,,No,2020,,,+68.740
Russia,9,10,Pierre Gasly,AlphaTauri Honda,9.0,53,,2.0,,No,2020,,,+89.766
Russia,10,23,Alexander Albon,Red Bull Racing Honda,15.0,53,,1.0,,No,2020,,,+97.860
Russia,11,99,Antonio Giovinazzi,Alfa Romeo Racing Ferrari,17.0,52,,0.0,,No,2020,,,+1 lap
Russia,12,20,Kevin Magnussen,Haas Ferrari,18.0,52,,0.0,,No,2020,,,+1 lap
Russia,13,5,Sebastian Vettel,Ferrari,14.0,52,,0.0,,No,2020,,,+1 lap
Russia,14,7,Kimi Raikkönen,Alfa Romeo Racing Ferrari,19.0,52,,0.0,,No,2020,,,+1 lap
Russia,15,4,Lando Norris,McLaren Renault,8.0,52,,0.0,,No,2020,,,+1 lap
Russia,16,6,Nicholas Latifi,Williams Mercedes,20.0,52,,0.0,,No,2020,,,+1 lap
Russia,17,8,Romain Grosjean,Haas Ferrari,16.0,52,,0.0,,No,2020,,,+1 lap
Russia,18,63,George Russell,Williams Mercedes,13.0,52,,0.0,,No,2020,,,+1 lap
Russia,NC,55,Carlos Sainz,McLaren Renault,6.0,0,,0.0,,No,2020,,,DNF
Russia,NC,18,Lance Stroll,Racing Point BWT Mercedes,12.0,0,,0.0,,No,2020,,,DNF
Eifel,1,44,Lewis Hamilton,Mercedes,2.0,60,,25.0,,No,2020,,,1:35:49.641
Eifel,2,33,Max Verstappen,Red Bull Racing Honda,3.0,60,,19.0,,Yes,2020,,,+4.470
Eifel,3,3,Daniel Ricciardo,Renault,6.0,60,,15.0,,No,2020,,,+14.631
Eifel,4,11,Sergio Perez,Racing Point BWT Mercedes,9.0,60,,12.0,,No,2020,,,+16.070
Eifel,5,55,Carlos Sainz,McLaren Renault,10.0,60,,10.0,,No,2020,,,+21.905
Eifel,6,10,Pierre Gasly,AlphaTauri Honda,12.0,60,,8.0,,No,2020,,,+22.766
Eifel,7,16,Charles Leclerc,Ferrari,4.0,60,,6.0,,No,2020,,,+30.841
Eifel,8,27,Nico Hulkenberg,Racing Point BWT Mercedes,20.0,60,,4.0,,No,2020,,,+32.596
Eifel,9,8,Romain Grosjean,Haas Ferrari,16.0,60,,2.0,,No,2020,,,+39.081
Eifel,10,99,Antonio Giovinazzi,Alfa Romeo Racing Ferrari,14.0,60,,1.0,,No,2020,,,+40.035
Eifel,11,5,Sebastian Vettel,Ferrari,11.0,60,,0.0,,No,2020,,,+40.810
Eifel,12,7,Kimi Raikkönen,Alfa Romeo Racing Ferrari,19.0,60,,0.0,,No,2020,,,+41.476
Eifel,13,20,Kevin Magnussen,Haas Ferrari,15.0,60,,0.0,,No,2020,,,+49.585
Eifel,14,6,Nicholas Latifi,Williams Mercedes,18.0,60,,0.0,,No,2020,,,+54.449
Eifel,15,26,Daniil Kvyat,AlphaTauri Honda,13.0,60,,0.0,,No,2020,,,+55.588
Eifel,NC,4,Lando Norris,McLaren Renault,8.0,42,,0.0,,No,2020,,,DNF
Eifel,NC,23,Alexander Albon,Red Bull Racing Honda,5.0,23,,0.0,,No,2020,,,DNF
Eifel,NC,31,Esteban Ocon,Renault,7.0,22,,0.0,,No,2020,,,DNF
Eifel,NC,77,Valtteri Bottas,Mercedes,1.0,18,,0.0,,No,2020,,,DNF
Eifel,NC,63,George Russell,Williams Mercedes,17.0,12,,0.0,,No,2020,,,DNF
Portugal,1,44,Lewis Hamilton,Mercedes,1.0,66,,26.0,,Yes,2020,,,1:29:56.828
Portugal,2,77,Valtteri Bottas,Mercedes,2.0,66,,18.0,,No,2020,,,+25.592
Portugal,3,33,Max Verstappen,Red Bull Racing Honda,3.0,66,,15.0,,No,2020,,,+34.508
Portugal,4,16,Charles Leclerc,Ferrari,4.0,66,,12.0,,No,2020,,,+65.312
Portugal,5,10,Pierre Gasly,AlphaTauri Honda,9.0,65,,10.0,,No,2020,,,+1 lap
Portugal,6,55,Carlos Sainz,McLaren Renault,7.0,65,,8.0,,No,2020,,,+1 lap
Portugal,7,11,Sergio Perez,Racing Point BWT Mercedes,5.0,65,,6.0,,No,2020,,,+1 lap
Portugal,8,31,Esteban Ocon,Renault,11.0,65,,4.0,,No,2020,,,+1 lap
Portugal,9,3,Daniel Ricciardo,Renault,10.0,65,,2.0,,No,2020,,,+1 lap
Portugal,10,5,Sebastian Vettel,Ferrari,15.0,65,,1.0,,No,2020,,,+1 lap
Portugal,11,7,Kimi Raikkönen,Alfa Romeo Racing Ferrari,16.0,65,,0.0,,No,2020,,,+1 lap
Portugal,12,23,Alexander Albon,Red Bull Racing Honda,6.0,65,,0.0,,No,2020,,,+1 lap
Portugal,13,4,Lando Norris,McLaren Renault,8.0,65,,0.0,,No,2020,,,+1 lap
Portugal,14,63,George Russell,Williams Mercedes,14.0,65,,0.0,,No,2020,,,+1 lap
Portugal,15,99,Antonio Giovinazzi,Alfa Romeo Racing Ferrari,17.0,65,,0.0,,No,2020,,,+1 lap
Portugal,16,20,Kevin Magnussen,Haas Ferrari,19.0,65,,0.0,,No,2020,,,+1 lap
Portugal,17,8,Romain Grosjean,Haas Ferrari,18.0,65,,0.0,,No,2020,,,+1 lap
Portugal,18,6,Nicholas Latifi,Williams Mercedes,20.0,64,,0.0,,No,2020,,,+2 laps
Portugal,19,26,Daniil Kvyat,AlphaTauri Honda,13.0,64,,0.0,,No,2020,,,+2 laps
Portugal,NC,18,Lance Stroll,Racing Point BWT Mercedes,12.0,51,,0.0,,No,2020,,,DNF
Emilia Romagna,1,44,Lewis Hamilton,Mercedes,2.0,63,,26.0,,Yes,2020,,,1:28:32.430
Emilia Romagna,2,77,Valtteri Bottas,Mercedes,1.0,63,,18.0,,No,2020,,,+5.783
Emilia Romagna,3,3,Daniel Ricciardo,Renault,5.0,63,,15.0,,No,2020,,,+14.320
Emilia Romagna,4,26,Daniil Kvyat,AlphaTauri Honda,8.0,63,,12.0,,No,2020,,,+15.141
Emilia Romagna,5,16,Charles Leclerc,Ferrari,7.0,63,,10.0,,No,2020,,,+19.111
Emilia Romagna,6,11,Sergio Perez,Racing Point BWT Mercedes,11.0,63,,8.0,,No,2020,,,+19.652
Emilia Romagna,7,55,Carlos Sainz,McLaren Renault,10.0,63,,6.0,,No,2020,,,+20.230
Emilia Romagna,8,4,Lando Norris,McLaren Renault,9.0,63,,4.0,,No,2020,,,+21.131
Emilia Romagna,9,7,Kimi Raikkönen,Alfa Romeo Racing Ferrari,18.0,63,,2.0,,No,2020,,,+22.224
Emilia Romagna,10,99,Antonio Giovinazzi,Alfa Romeo Racing Ferrari,20.0,63,,1.0,,No,2020,,,+26.398
Emilia Romagna,11,6,Nicholas Latifi,Williams Mercedes,19.0,63,,0.0,,No,2020,,,+27.135
Emilia Romagna,12,5,Sebastian Vettel,Ferrari,14.0,63,,0.0,,No,2020,,,+28.453
Emilia Romagna,13,18,Lance Stroll,Racing Point BWT Mercedes,15.0,63,,0.0,,No,2020,,,+29.163
Emilia Romagna,14,8,Romain Grosjean,Haas Ferrari,16.0,63,,0.0,,No,2020,,,+32.935
Emilia Romagna,15,23,Alexander Albon,Red Bull Racing Honda,6.0,63,,0.0,,No,2020,,,+57.284
Emilia Romagna,NC,63,George Russell,Williams Mercedes,13.0,51,,0.0,,No,2020,,,DNF
Emilia Romagna,NC,33,Max Verstappen,Red Bull Racing Honda,3.0,50,,0.0,,No,2020,,,DNF
Emilia Romagna,NC,20,Kevin Magnussen,Haas Ferrari,17.0,47,,0.0,,No,2020,,,DNF
Emilia Romagna,NC,31,Esteban Ocon,Renault,12.0,27,,0.0,,No,2020,,,DNF
Emilia Romagna,NC,10,Pierre Gasly,AlphaTauri Honda,4.0,8,,0.0,,No,2020,,,DNF
Turkey,1,44,Lewis Hamilton,Mercedes,6.0,58,,25.0,,No,2020,,,1:42:19.313
Turkey,2,11,Sergio Perez,Racing Point BWT Mercedes,3.0,58,,18.0,,No,2020,,,+31.633
Turkey,3,5,Sebastian Vettel,Ferrari,11.0,58,,15.0,,No,2020,,,+31.960
Turkey,4,16,Charles Leclerc,Ferrari,12.0,58,,12.0,,No,2020,,,+33.858
Turkey,5,55,Carlos Sainz,McLaren Renault,15.0,58,,10.0,,No,2020,,,+34.363
Turkey,6,33,Max Verstappen,Red Bull Racing Honda,2.0,58,,8.0,,No,2020,,,+44.873
Turkey,7,23,Alexander Albon,Red Bull Racing Honda,4.0,58,,6.0,,No,2020,,,+46.484
Turkey,8,4,Lando Norris,McLaren Renault,14.0,58,,5.0,,Yes,2020,,,+61.259
Turkey,9,18,Lance Stroll,Racing Point BWT Mercedes,1.0,58,,2.0,,No,2020,,,+72.353
Turkey,10,3,Daniel Ricciardo,Renault,5.0,58,,1.0,,No,2020,,,+95.460
Turkey,11,31,Esteban Ocon,Renault,7.0,57,,0.0,,No,2020,,,+1 lap
Turkey,12,26,Daniil Kvyat,AlphaTauri Honda,16.0,57,,0.0,,No,2020,,,+1 lap
Turkey,13,10,Pierre Gasly,AlphaTauri Honda,19.0,57,,0.0,,No,2020,,,+1 lap
Turkey,14,77,Valtteri Bottas,Mercedes,9.0,57,,0.0,,No,2020,,,+1 lap
Turkey,15,7,Kimi Raikkönen,Alfa Romeo Racing Ferrari,8.0,57,,0.0,,No,2020,,,+1 lap
Turkey,16,63,George Russell,Williams Mercedes,20.0,57,,0.0,,No,2020,,,+1 lap
Turkey,17,20,Kevin Magnussen,Haas Ferrari,13.0,55,,0.0,,No,2020,,,DNF
Turkey,NC,8,Romain Grosjean,Haas Ferrari,17.0,49,,0.0,,No,2020,,,DNF
Turkey,NC,6,Nicholas Latifi,Williams Mercedes,18.0,39,,0.0,,No,2020,,,DNF
Turkey,NC,99,Antonio Giovinazzi,Alfa Romeo Racing Ferrari,10.0,11,,0.0,,No,2020,,,DNF
Bahrain,1,44,Lewis Hamilton,Mercedes,1.0,57,,25.0,,No,2020,,,2:59:47.515
Bahrain,2,33,Max Verstappen,Red Bull Racing Honda,3.0,57,,19.0,,Yes,2020,,,+1.254
Bahrain,3,23,Alexander Albon,Red Bull Racing Honda,4.0,57,,15.0,,No,2020,,,+8.005
Bahrain,4,4,Lando Norris,McLaren Renault,9.0,57,,12.0,,No,2020,,,+11.337
Bahrain,5,55,Carlos Sainz,McLaren Renault,15.0,57,,10.0,,No,2020,,,+11.787
Bahrain,6,10,Pierre Gasly,AlphaTauri Honda,8.0,57,,8.0,,No,2020,,,+11.942
Bahrain,7,3,Daniel Ricciardo,Renault,6.0,57,,6.0,,No,2020,,,+19.368
Bahrain,8,77,Valtteri Bottas,Mercedes,2.0,57,,4.0,,No,2020,,,+19.680
Bahrain,9,31,Esteban Ocon,Renault,7.0,57,,2.0,,No,2020,,,+22.803
Bahrain,10,16,Charles Leclerc,Ferrari,12.0,56,,1.0,,No,2020,,,+1 lap
Bahrain,11,26,Daniil Kvyat,AlphaTauri Honda,10.0,56,,0.0,,No,2020,,,+1 lap
Bahrain,12,63,George Russell,Williams Mercedes,14.0,56,,0.0,,No,2020,,,+1 lap
Bahrain,13,5,Sebastian Vettel,Ferrari,11.0,56,,0.0,,No,2020,,,+1 lap
Bahrain,14,6,Nicholas Latifi,Williams Mercedes,20.0,56,,0.0,,No,2020,,,+1 lap
Bahrain,15,7,Kimi Raikkönen,Alfa Romeo Racing Ferrari,17.0,56,,0.0,,No,2020,,,+1 lap
Bahrain,16,99,Antonio Giovinazzi,Alfa Romeo Racing Ferrari,16.0,56,,0.0,,No,2020,,,+1 lap
Bahrain,17,20,Kevin Magnussen,Haas Ferrari,18.0,56,,0.0,,No,2020,,,+1 lap
Bahrain,18,11,Sergio Perez,Racing Point BWT Mercedes,5.0,53,,0.0,,No,2020,,,DNF
Bahrain,NC,18,Lance Stroll,Racing Point BWT Mercedes,13.0,2,,0.0,,No,2020,,,DNF
Bahrain,NC,8,Romain Grosjean,Haas Ferrari,19.0,0,,0.0,,No,2020,,,DNF
Sakhir,1,11,Sergio Perez,Racing Point BWT Mercedes,5.0,87,,25.0,,No,2020,,,1:31:15.114
Sakhir,2,31,Esteban Ocon,Renault,11.0,87,,18.0,,No,2020,,,+10.518
Sakhir,3,18,Lance Stroll,Racing Point BWT Mercedes,10.0,87,,15.0,,No,2020,,,+11.869
Sakhir,4,55,Carlos Sainz,McLaren Renault,8.0,87,,12.0,,No,2020,,,+12.580
Sakhir,5,3,Daniel Ricciardo,Renault,7.0,87,,10.0,,No,2020,,,+13.330
Sakhir,6,23,Alexander Albon,Red Bull Racing Honda,12.0,87,,8.0,,No,2020,,,+13.842
Sakhir,7,26,Daniil Kvyat,AlphaTauri Honda,6.0,87,,6.0,,No,2020,,,+14.534
Sakhir,8,77,Valtteri Bottas,Mercedes,1.0,87,,4.0,,No,2020,,,+15.389
Sakhir,9,63,George Russell,Mercedes,2.0,87,,3.0,,Yes,2020,,,+18.556
Sakhir,10,4,Lando Norris,McLaren Renault,15.0,87,,1.0,,No,2020,,,+19.541
Sakhir,11,10,Pierre Gasly,AlphaTauri Honda,9.0,87,,0.0,,No,2020,,,+20.527
Sakhir,12,5,Sebastian Vettel,Ferrari,13.0,87,,0.0,,No,2020,,,+22.611
Sakhir,13,99,Antonio Giovinazzi,Alfa Romeo Racing Ferrari,14.0,87,,0.0,,No,2020,,,+24.111
Sakhir,14,7,Kimi Raikkönen,Alfa Romeo Racing Ferrari,19.0,87,,0.0,,No,2020,,,+26.153
Sakhir,15,20,Kevin Magnussen,Haas Ferrari,16.0,87,,0.0,,No,2020,,,+32.370
Sakhir,16,89,Jack Aitken,Williams Mercedes,18.0,87,,0.0,,No,2020,,,+33.674
Sakhir,17,51,Pietro Fittipaldi,Haas Ferrari,20.0,87,,0.0,,No,2020,,,+36.858
Sakhir,NC,6,Nicholas Latifi,Williams Mercedes,17.0,52,,0.0,,No,2020,,,DNF
Sakhir,NC,33,Max Verstappen,Red Bull Racing Honda,3.0,0,,0.0,,No,2020,,,DNF
Sakhir,NC,16,Charles Leclerc,Ferrari,4.0,0,,0.0,,No,2020,,,DNF
Abu Dhabi,1,33,Max Verstappen,Red Bull Racing Honda,1.0,55,,25.0,,No,2020,,,1:36:28.645
Abu Dhabi,2,77,Valtteri Bottas,Mercedes,2.0,55,,18.0,,No,2020,,,+15.976
Abu Dhabi,3,44,Lewis Hamilton,Mercedes,3.0,55,,15.0,,No,2020,,,+18.415
Abu Dhabi,4,23,Alexander Albon,Red Bull Racing Honda,5.0,55,,12.0,,No,2020,,,+19.987
Abu Dhabi,5,4,Lando Norris,McLaren Renault,4.0,55,,10.0,,No,2020,,,+60.729
Abu Dhabi,6,55,Carlos Sainz,McLaren Renault,6.0,55,,8.0,,No,2020,,,+65.662
Abu Dhabi,7,3,Daniel Ricciardo,Renault,11.0,55,,7.0,,Yes,2020,,,+73.748
Abu Dhabi,8,10,Pierre Gasly,AlphaTauri Honda,9.0,55,,4.0,,No,2020,,,+89.718
Abu Dhabi,9,31,Esteban Ocon,Renault,10.0,55,,2.0,,No,2020,,,+101.069
Abu Dhabi,10,18,Lance Stroll,Racing Point BWT Mercedes,8.0,55,,1.0,,No,2020,,,+102.738
Abu Dhabi,11,26,Daniil Kvyat,AlphaTauri Honda,7.0,54,,0.0,,No,2020,,,+1 lap
Abu Dhabi,12,7,Kimi Raikkönen,Alfa Romeo Racing Ferrari,15.0,54,,0.0,,No,2020,,,+1 lap
Abu Dhabi,13,16,Charles Leclerc,Ferrari,12.0,54,,0.0,,No,2020,,,+1 lap
Abu Dhabi,14,5,Sebastian Vettel,Ferrari,13.0,54,,0.0,,No,2020,,,+1 lap
Abu Dhabi,15,63,George Russell,Williams Mercedes,16.0,54,,0.0,,No,2020,,,+1 lap
Abu Dhabi,16,99,Antonio Giovinazzi,Alfa Romeo Racing Ferrari,14.0,54,,0.0,,No,2020,,,+1 lap
Abu Dhabi,17,6,Nicholas Latifi,Williams Mercedes,18.0,54,,0.0,,No,2020,,,+1 lap
Abu Dhabi,18,20,Kevin Magnussen,Haas Ferrari,20.0,54,,0.0,,No,2020,,,+1 lap
Abu Dhabi,19,51,Pietro Fittipaldi,Haas Ferrari,17.0,53,,0.0,,No,2020,,,+2 laps
Abu Dhabi,NC,11,Sergio Perez,Racing Point BWT Mercedes,19.0,8,,0.0,,No,2020,,,DNF
Bahrain,1,44,Lewis Hamilton,Mercedes,2.0,56,1:32:03.897,25.0,No,1:34.015,2021,,,
Bahrain,2,33,Max Verstappen,Red Bull Racing Honda,1.0,56,+0.745,18.0,No,1:33.228,2021,,,
Bahrain,3,77,Valtteri Bottas,Mercedes,3.0,56,+37.383,16.0,Yes,1:32.090,2021,,,
Bahrain,4,4,Lando Norris,McLaren Mercedes,7.0,56,+46.466,12.0,No,1:34.396,2021,,,
Bahrain,5,11,Sergio Perez,Red Bull Racing Honda,11.0,56,+52.047,10.0,No,1:33.970,2021,,,
Bahrain,6,16,Charles Leclerc,Ferrari,4.0,56,+59.090,8.0,No,1:34.988,2021,,,
Bahrain,7,3,Daniel Ricciardo,McLaren Mercedes,6.0,56,+66.004,6.0,No,1:34.932,2021,,,
Bahrain,8,55,Carlos Sainz,Ferrari,8.0,56,+67.100,4.0,No,1:34.509,2021,,,
Bahrain,9,22,Yuki Tsunoda,AlphaTauri Honda,13.0,56,+85.692,2.0,No,1:34.761,2021,,,
Bahrain,10,18,Lance Stroll,Aston Martin Mercedes,10.0,56,+86.713,1.0,No,1:34.865,2021,,,
Bahrain,11,7,Kimi Raikkönen,Alfa Romeo Racing Ferrari,14.0,56,+88.864,0.0,No,1:35.192,2021,,,
Bahrain,12,99,Antonio Giovinazzi,Alfa Romeo Racing Ferrari,12.0,55,+1 lap,0.0,No,1:35.122,2021,,,
Bahrain,13,31,Esteban Ocon,Alpine Renault,16.0,55,+1 lap,0.0,No,1:35.250,2021,,,
Bahrain,14,63,George Russell,Williams Mercedes,15.0,55,+1 lap,0.0,No,1:35.036,2021,,,
Bahrain,15,5,Sebastian Vettel,Aston Martin Mercedes,20.0,55,+1 lap,0.0,No,1:35.566,2021,,,
Bahrain,16,47,Mick Schumacher,Haas Ferrari,18.0,55,+1 lap,0.0,No,1:36.134,2021,,,
Bahrain,17,10,Pierre Gasly,AlphaTauri Honda,5.0,52,DNF,0.0,No,1:34.090,2021,,,
Bahrain,18,6,Nicholas Latifi,Williams Mercedes,17.0,51,DNF,0.0,No,1:36.602,2021,,,
Bahrain,NC,14,Fernando Alonso,Alpine Renault,9.0,32,DNF,0.0,No,1:36.063,2021,,,
Bahrain,NC,9,Nikita Mazepin,Haas Ferrari,19.0,0,DNF,0.0,No,,2021,,,
Emilia Romagna,1,33,Max Verstappen,Red Bull Racing Honda,2.0,63,2:02:34.598,25.0,No,1:17.524,2021,,,
Emilia Romagna,2,44,Lewis Hamilton,Mercedes,1.0,63,+22.000,19.0,Yes,1:16.702,2021,,,
Emilia Romagna,3,4,Lando Norris,McLaren Mercedes,7.0,63,+23.702,15.0,No,1:18.259,2021,,,
Emilia Romagna,4,16,Charles Leclerc,Ferrari,4.0,63,+25.579,12.0,No,1:18.379,2021,,,
Emilia Romagna,5,55,Carlos Sainz,Ferrari,11.0,63,+27.036,10.0,No,1:18.490,2021,,,
Emilia Romagna,6,3,Daniel Ricciardo,McLaren Mercedes,6.0,63,+51.220,8.0,No,1:19.341,2021,,,
Emilia Romagna,7,10,Pierre Gasly,AlphaTauri Honda,5.0,63,+52.818,6.0,No,1:18.782,2021,,,
Emilia Romagna,8,18,Lance Stroll,Aston Martin Mercedes,10.0,63,+56.909,4.0,No,1:18.994,2021,,,
Emilia Romagna,9,31,Esteban Ocon,Alpine Renault,9.0,63,+65.704,2.0,No,1:19.417,2021,,,
Emilia Romagna,10,14,Fernando Alonso,Alpine Renault,15.0,63,+66.561,1.0,No,1:19.396,2021,,,
Emilia Romagna,11,11,Sergio Perez,Red Bull Racing Honda,2.0,63,+67.151,0.0,No,1:18.334,2021,,,
Emilia Romagna,12,22,Yuki Tsunoda,AlphaTauri Honda,20.0,63,+73.184,0.0,No,1:18.353,2021,,,
Emilia Romagna,13,7,Kimi Raikkönen,Alfa Romeo Racing Ferrari,16.0,63,+94.773,0.0,No,1:19.422,2021,,,
Emilia Romagna,14,99,Antonio Giovinazzi,Alfa Romeo Racing Ferrari,17.0,62,+1 lap,0.0,No,1:19.470,2021,,,
Emilia Romagna,15,5,Sebastian Vettel,Aston Martin Mercedes,13.0,61,DNF,0.0,No,1:19.074,2021,,,
Emilia Romagna,16,47,Mick Schumacher,Haas Ferrari,18.0,61,+2 laps,0.0,No,1:19.193,2021,,,
Emilia Romagna,17,9,Nikita Mazepin,Haas Ferrari,19.0,61,+2 laps,0.0,No,1:20.402,2021,,,
Emilia Romagna,NC,77,Valtteri Bottas,Mercedes,8.0,30,DNF,0.0,No,1:28.485,2021,,,
Emilia Romagna,NC,63,George Russell,Williams Mercedes,12.0,30,DNF,0.0,No,1:26.543,2021,,,
Emilia Romagna,NC,6,Nicholas Latifi,Williams Mercedes,14.0,0,DNF,0.0,No,,2021,,,
Portugal,1,44,Lewis Hamilton,Mercedes,2.0,66,1:34:31.421,25.0,No,1:20.933,2021,,,
Portugal,2,33,Max Verstappen,Red Bull Racing Honda,3.0,66,+29.148,18.0,No,1:20.695,2021,,,
Portugal,3,77,Valtteri Bottas,Mercedes,1.0,66,+33.530,16.0,Yes,1:19.865,2021,,,
Portugal,4,11,Sergio Perez,Red Bull Racing Honda,4.0,66,+39.735,12.0,No,1:20.643,2021,,,
Portugal,5,4,Lando Norris,McLaren Mercedes,7.0,66,+51.369,10.0,No,1:21.696,2021,,,
Portugal,6,16,Charles Leclerc,Ferrari,8.0,66,+55.781,8.0,No,1:21.496,2021,,,
Portugal,7,31,Esteban Ocon,Alpine Renault,6.0,66,+63.749,6.0,No,1:21.886,2021,,,
Portugal,8,14,Fernando Alonso,Alpine Renault,13.0,66,+64.808,4.0,No,1:21.032,2021,,,
Portugal,9,3,Daniel Ricciardo,McLaren Mercedes,16.0,66,+75.369,2.0,No,1:21.987,2021,,,
Portugal,10,10,Pierre Gasly,AlphaTauri Honda,9.0,66,+76.463,1.0,No,1:22.014,2021,,,
Portugal,11,55,Carlos Sainz,Ferrari,5.0,66,+78.955,0.0,No,1:22.325,2021,,,
Portugal,12,99,Antonio Giovinazzi,Alfa Romeo Racing Ferrari,12.0,65,+1 lap,0.0,No,1:22.167,2021,,,
Portugal,13,5,Sebastian Vettel,Aston Martin Mercedes,10.0,65,+1 lap,0.0,No,1:22.416,2021,,,
Portugal,14,18,Lance Stroll,Aston Martin Mercedes,17.0,65,+1 lap,0.0,No,1:21.970,2021,,,
Portugal,15,22,Yuki Tsunoda,AlphaTauri Honda,14.0,65,+1 lap,0.0,No,1:22.058,2021,,,
Portugal,16,63,George Russell,Williams Mercedes,11.0,65,+1 lap,0.0,No,1:22.654,2021,,,
Portugal,17,47,Mick Schumacher,Haas Ferrari,19.0,64,+2 laps,0.0,No,1:22.755,2021,,,
Portugal,18,6,Nicholas Latifi,Williams Mercedes,18.0,64,+2 laps,0.0,No,1:23.155,2021,,,
Portugal,19,9,Nikita Mazepin,Haas Ferrari,20.0,64,+2 laps,0.0,No,1:23.641,2021,,,
Portugal,NC,7,Kimi Raikkönen,Alfa Romeo Racing Ferrari,15.0,1,DNF,0.0,No,,2021,,,
Spain,1,44,Lewis Hamilton,Mercedes,1.0,66,1:33:07.680,25.0,No,1:20.665,2021,,,
Spain,2,33,Max Verstappen,Red Bull Racing Honda,2.0,66,+15.841,19.0,Yes,1:18.149,2021,,,
Spain,3,77,Valtteri Bottas,Mercedes,3.0,66,+26.610,15.0,No,1:19.430,2021,,,
Spain,4,16,Charles Leclerc,Ferrari,4.0,66,+54.616,12.0,No,1:20.459,2021,,,
Spain,5,11,Sergio Perez,Red Bull Racing Honda,8.0,66,+63.671,10.0,No,1:19.483,2021,,,
Spain,6,3,Daniel Ricciardo,McLaren Mercedes,7.0,66,+73.768,8.0,No,1:21.853,2021,,,
Spain,7,55,Carlos Sainz,Ferrari,6.0,66,+74.670,6.0,No,1:21.568,2021,,,
Spain,8,4,Lando Norris,McLaren Mercedes,9.0,65,+1 lap,4.0,No,1:21.279,2021,,,
Spain,9,31,Esteban Ocon,Alpine Renault,5.0,65,+1 lap,2.0,No,1:23.311,2021,,,
Spain,10,10,Pierre Gasly,AlphaTauri Honda,12.0,65,+1 lap,1.0,No,1:21.375,2021,,,
Spain,11,18,Lance Stroll,Aston Martin Mercedes,11.0,65,+1 lap,0.0,No,1:22.607,2021,,,
Spain,12,7,Kimi Raikkönen,Alfa Romeo Racing Ferrari,17.0,65,+1 lap,0.0,No,1:22.868,2021,,,
Spain,13,5,Sebastian Vettel,Aston Martin Mercedes,13.0,65,+1 lap,0.0,No,1:22.820,2021,,,
Spain,14,63,George Russell,Williams Mercedes,15.0,65,+1 lap,0.0,No,1:23.208,2021,,,
Spain,15,99,Antonio Giovinazzi,Alfa Romeo Racing Ferrari,14.0,65,+1 lap,0.0,No,1:22.802,2021,,,
Spain,16,6,Nicholas Latifi,Williams Mercedes,19.0,65,+1 lap,0.0,No,1:22.905,2021,,,
Spain,17,14,Fernando Alonso,Alpine Renault,10.0,65,+1 lap,0.0,No,1:21.182,2021,,,
Spain,18,47,Mick Schumacher,Haas Ferrari,18.0,64,+2 laps,0.0,No,1:22.637,2021,,,
Spain,19,9,Nikita Mazepin,Haas Ferrari,20.0,64,+2 laps,0.0,No,1:24.040,2021,,,
Spain,NC,22,Yuki Tsunoda,AlphaTauri Honda,16.0,6,DNF,0.0,No,1:24.825,2021,,,
Monaco,1,33,Max Verstappen,Red Bull Racing Honda,2.0,78,1:38:56.820,25.0,No,1:14.649,2021,,,
Monaco,2,55,Carlos Sainz,Ferrari,4.0,78,+8.968,18.0,No,1:14.621,2021,,,
Monaco,3,4,Lando Norris,McLaren Mercedes,5.0,78,+19.427,15.0,No,1:14.670,2021,,,
Monaco,4,11,Sergio Perez,Red Bull Racing Honda,9.0,78,+20.490,12.0,No,1:14.552,2021,,,
Monaco,5,5,Sebastian Vettel,Aston Martin Mercedes,8.0,78,+52.591,10.0,No,1:15.316,2021,,,
Monaco,6,10,Pierre Gasly,AlphaTauri Honda,6.0,78,+53.896,8.0,No,1:15.412,2021,,,
Monaco,7,44,Lewis Hamilton,Mercedes,7.0,78,+68.231,7.0,Yes,1:12.909,2021,,,
Monaco,8,18,Lance Stroll,Aston Martin Mercedes,13.0,77,+1 lap,4.0,No,1:14.674,2021,,,
Monaco,9,31,Esteban Ocon,Alpine Renault,11.0,77,+1 lap,2.0,No,1:15.316,2021,,,
Monaco,10,99,Antonio Giovinazzi,Alfa Romeo Racing Ferrari,10.0,77,+1 lap,1.0,No,1:15.331,2021,,,
Monaco,11,7,Kimi Raikkönen,Alfa Romeo Racing Ferrari,14.0,77,+1 lap,0.0,No,1:14.971,2021,,,
Monaco,12,3,Daniel Ricciardo,McLaren Mercedes,12.0,77,+1 lap,0.0,No,1:14.578,2021,,,
Monaco,13,14,Fernando Alonso,Alpine Renault,17.0,77,+1 lap,0.0,No,1:15.026,2021,,,
Monaco,14,63,George Russell,Williams Mercedes,15.0,77,+1 lap,0.0,No,1:15.539,2021,,,
Monaco,15,6,Nicholas Latifi,Williams Mercedes,18.0,77,+1 lap,0.0,No,1:15.373,2021,,,
Monaco,16,22,Yuki Tsunoda,AlphaTauri Honda,16.0,77,+1 lap,0.0,No,1:14.037,2021,,,
Monaco,17,9,Nikita Mazepin,Haas Ferrari,19.0,75,+3 laps,0.0,No,1:16.866,2021,,,
Monaco,18,47,Mick Schumacher,Haas Ferrari,20.0,75,+3 laps,0.0,No,1:16.425,2021,,,
Monaco,NC,77,Valtteri Bottas,Mercedes,3.0,29,DNF,0.0,No,1:15.706,2021,,,
Monaco,NC,16,Charles Leclerc,Ferrari,1.0,0,DNS,0.0,No,,2021,,,
Azerbaijan,1,11,Sergio Perez,Red Bull Racing Honda,6.0,51,2:13:36.410,25.0,No,1:44.687,2021,,,
Azerbaijan,2,5,Sebastian Vettel,Aston Martin Mercedes,11.0,51,+1.385,18.0,No,1:44.890,2021,,,
Azerbaijan,3,10,Pierre Gasly,AlphaTauri Honda,4.0,51,+2.762,15.0,No,1:45.220,2021,,,
Azerbaijan,4,16,Charles Leclerc,Ferrari,1.0,51,+3.828,12.0,No,1:45.382,2021,,,
Azerbaijan,5,4,Lando Norris,McLaren Mercedes,9.0,51,+4.754,10.0,No,1:45.326,2021,,,
Azerbaijan,6,14,Fernando Alonso,Alpine Renault,8.0,51,+6.382,8.0,No,1:45.624,2021,,,
Azerbaijan,7,22,Yuki Tsunoda,AlphaTauri Honda,7.0,51,+6.624,6.0,No,1:44.939,2021,,,
Azerbaijan,8,55,Carlos Sainz,Ferrari,5.0,51,+7.709,4.0,No,1:45.700,2021,,,
Azerbaijan,9,3,Daniel Ricciardo,McLaren Mercedes,13.0,51,+8.874,2.0,No,1:45.713,2021,,,
Azerbaijan,10,7,Kimi Raikkönen,Alfa Romeo Racing Ferrari,14.0,51,+9.576,1.0,No,1:45.601,2021,,,
Azerbaijan,11,99,Antonio Giovinazzi,Alfa Romeo Racing Ferrari,20.0,51,+10.254,0.0,No,1:45.575,2021,,,
Azerbaijan,12,77,Valtteri Bottas,Mercedes,10.0,51,+11.264,0.0,No,1:45.665,2021,,,
Azerbaijan,13,47,Mick Schumacher,Haas Ferrari,17.0,51,+14.241,0.0,No,1:47.624,2021,,,
Azerbaijan,14,9,Nikita Mazepin,Haas Ferrari,18.0,51,+14.315,0.0,No,1:47.747,2021,,,
Azerbaijan,15,44,Lewis Hamilton,Mercedes,2.0,51,+17.668,0.0,No,1:44.769,2021,,,
Azerbaijan,16,6,Nicholas Latifi,Williams Mercedes,16.0,51,+42.379,0.0,No,1:46.608,2021,,,
Azerbaijan,17,63,George Russell,Williams Mercedes,15.0,48,DNF,0.0,No,1:45.959,2021,,,
Azerbaijan,18,33,Max Verstappen,Red Bull Racing Honda,3.0,45,DNF,0.0,No,1:44.481,2021,,,
Azerbaijan,NC,18,Lance Stroll,Aston Martin Mercedes,19.0,29,DNF,0.0,No,1:46.207,2021,,,
Azerbaijan,NC,31,Esteban Ocon,Alpine Renault,12.0,3,DNF,0.0,No,1:50.850,2021,,,
France,1,33,Max Verstappen,Red Bull Racing Honda,1.0,53,1:27:25.770,26.0,Yes,1:36.404,2021,,,
France,2,44,Lewis Hamilton,Mercedes,2.0,53,+2.904,18.0,No,1:37.410,2021,,,
France,3,11,Sergio Perez,Red Bull Racing Honda,4.0,53,+8.811,15.0,No,1:36.693,2021,,,
France,4,77,Valtteri Bottas,Mercedes,3.0,53,+14.618,12.0,No,1:36.960,2021,,,
France,5,4,Lando Norris,McLaren Mercedes,8.0,53,+64.032,10.0,No,1:37.425,2021,,,
France,6,3,Daniel Ricciardo,McLaren Mercedes,10.0,53,+75.857,8.0,No,1:38.324,2021,,,
France,7,10,Pierre Gasly,AlphaTauri Honda,6.0,53,+76.596,6.0,No,1:38.103,2021,,,
France,8,14,Fernando Alonso,Alpine Renault,9.0,53,+77.695,4.0,No,1:37.646,2021,,,
France,9,5,Sebastian Vettel,Aston Martin Mercedes,12.0,53,+79.666,2.0,No,1:37.138,2021,,,
France,10,18,Lance Stroll,Aston Martin Mercedes,19.0,53,+91.946,1.0,No,1:37.828,2021,,,
France,11,55,Carlos Sainz,Ferrari,5.0,53,+99.337,0.0,No,1:38.931,2021,,,
France,12,63,George Russell,Williams Mercedes,14.0,52,+1 lap,0.0,No,1:38.314,2021,,,
France,13,22,Yuki Tsunoda,AlphaTauri Honda,20.0,52,+1 lap,0.0,No,1:38.980,2021,,,
France,14,31,Esteban Ocon,Alpine Renault,11.0,52,+1 lap,0.0,No,1:38.645,2021,,,
France,15,99,Antonio Giovinazzi,Alfa Romeo Racing Ferrari,13.0,52,+1 lap,0.0,No,1:38.702,2021,,,
France,16,16,Charles Leclerc,Ferrari,7.0,52,+1 lap,0.0,No,1:37.681,2021,,,
France,17,7,Kimi Raikkönen,Alfa Romeo Racing Ferrari,17.0,52,+1 lap,0.0,No,1:37.992,2021,,,
France,18,6,Nicholas Latifi,Williams Mercedes,16.0,52,+1 lap,0.0,No,1:38.313,2021,,,
France,19,47,Mick Schumacher,Haas Ferrari,15.0,52,+1 lap,0.0,No,1:38.847,2021,,,
France,20,9,Nikita Mazepin,Haas Ferrari,18.0,52,+1 lap,0.0,No,1:39.317,2021,,,
Styria,1,33,Max Verstappen,Red Bull Racing Honda,1.0,71,1:22:18.925,25.0,No,1:08.017,2021,,,
Styria,2,44,Lewis Hamilton,Mercedes,2.0,71,+35.743,19.0,Yes,1:07.058,2021,,,
Styria,3,77,Valtteri Bottas,Mercedes,5.0,71,+46.907,15.0,No,1:08.619,2021,,,
Styria,4,11,Sergio Perez,Red Bull Racing Honda,4.0,71,+47.434,12.0,No,1:07.894,2021,,,
Styria,5,4,Lando Norris,McLaren Mercedes,3.0,70,+1 lap,10.0,No,1:08.903,2021,,,
Styria,6,55,Carlos Sainz,Ferrari,12.0,70,+1 lap,8.0,No,1:08.609,2021,,,
Styria,7,16,Charles Leclerc,Ferrari,7.0,70,+1 lap,6.0,No,1:08.738,2021,,,
Styria,8,18,Lance Stroll,Aston Martin Mercedes,9.0,70,+1 lap,4.0,No,1:09.787,2021,,,
Styria,9,14,Fernando Alonso,Alpine Renault,8.0,70,+1 lap,2.0,No,1:09.749,2021,,,
Styria,10,22,Yuki Tsunoda,AlphaTauri Honda,11.0,70,+1 lap,1.0,No,1:09.650,2021,,,
Styria,11,7,Kimi Raikkönen,Alfa Romeo Racing Ferrari,18.0,70,+1 lap,0.0,No,1:09.128,2021,,,
Styria,12,5,Sebastian Vettel,Aston Martin Mercedes,14.0,70,+1 lap,0.0,No,1:09.821,2021,,,
Styria,13,3,Daniel Ricciardo,McLaren Mercedes,13.0,70,+1 lap,0.0,No,1:09.305,2021,,,
Styria,14,31,Esteban Ocon,Alpine Renault,17.0,70,+1 lap,0.0,No,1:09.576,2021,,,
Styria,15,99,Antonio Giovinazzi,Alfa Romeo Racing Ferrari,15.0,70,+1 lap,0.0,No,1:09.723,2021,,,
Styria,16,47,Mick Schumacher,Haas Ferrari,19.0,69,+2 laps,0.0,No,1:10.005,2021,,,
Styria,17,6,Nicholas Latifi,Williams Mercedes,16.0,68,+3 laps,0.0,No,1:10.104,2021,,,
Styria,18,9,Nikita Mazepin,Haas Ferrari,20.0,68,+3 laps,0.0,No,1:10.951,2021,,,
Styria,NC,63,George Russell,Williams Mercedes,10.0,36,DNF,0.0,No,1:10.499,2021,,,
Styria,NC,10,Pierre Gasly,AlphaTauri Honda,6.0,1,DNF,0.0,No,,2021,,,
Austria,1,33,Max Verstappen,Red Bull Racing Honda,1.0,71,1:23:54.543,26.0,Yes,1:06.200,2021,,,
Austria,2,77,Valtteri Bottas,Mercedes,5.0,71,+17.973,18.0,No,1:08.374,2021,,,
Austria,3,4,Lando Norris,McLaren Mercedes,2.0,71,+20.019,15.0,No,1:08.471,2021,,,
Austria,4,44,Lewis Hamilton,Mercedes,4.0,71,+46.452,12.0,No,1:08.126,2021,,,
Austria,5,55,Carlos Sainz,Ferrari,10.0,71,+57.144,10.0,No,1:07.762,2021,,,
Austria,6,11,Sergio Perez,Red Bull Racing Honda,3.0,71,+57.915,8.0,No,1:08.192,2021,,,
Austria,7,3,Daniel Ricciardo,McLaren Mercedes,13.0,71,+60.395,6.0,No,1:08.820,2021,,,
Austria,8,16,Charles Leclerc,Ferrari,12.0,71,+61.195,4.0,No,1:08.698,2021,,,
Austria,9,10,Pierre Gasly,AlphaTauri Honda,6.0,71,+61.844,2.0,No,1:08.146,2021,,,
Austria,10,14,Fernando Alonso,Alpine Renault,14.0,70,+1 lap,1.0,No,1:08.405,2021,,,
Austria,11,63,George Russell,Williams Mercedes,8.0,70,+1 lap,0.0,No,1:08.900,2021,,,
Austria,12,22,Yuki Tsunoda,AlphaTauri Honda,7.0,70,+1 lap,0.0,No,1:08.455,2021,,,
Austria,13,18,Lance Stroll,Aston Martin Mercedes,9.0,70,+1 lap,0.0,No,1:08.659,2021,,,
Austria,14,99,Antonio Giovinazzi,Alfa Romeo Racing Ferrari,15.0,70,+1 lap,0.0,No,1:09.042,2021,,,
Austria,15,7,Kimi Raikkönen,Alfa Romeo Racing Ferrari,16.0,70,+1 lap,0.0,No,1:08.520,2021,,,
Austria,16,6,Nicholas Latifi,Williams Mercedes,18.0,70,+1 lap,0.0,No,1:08.874,2021,,,
Austria,17,5,Sebastian Vettel,Aston Martin Mercedes,11.0,69,DNF,0.0,No,1:08.420,2021,,,
Austria,18,47,Mick Schumacher,Haas Ferrari,19.0,69,+2 laps,0.0,No,1:09.394,2021,,,
Austria,19,9,Nikita Mazepin,Haas Ferrari,20.0,69,+2 laps,0.0,No,1:09.757,2021,,,
Austria,NC,31,Esteban Ocon,Alpine Renault,17.0,0,DNF,0.0,No,,2021,,,
Great Britain,1,44,Lewis Hamilton,Mercedes,2.0,52,1:58:23.284,25.0,No,1:29.699,2021,,,
Great Britain,2,16,Charles Leclerc,Ferrari,4.0,52,+3.871,18.0,No,1:30.569,2021,,,
Great Britain,3,77,Valtteri Bottas,Mercedes,3.0,52,+11.215,15.0,No,1:30.524,2021,,,
Great Britain,4,4,Lando Norris,McLaren Mercedes,5.0,52,+28.573,12.0,No,1:31.420,2021,,,
Great Britain,5,3,Daniel Ricciardo,McLaren Mercedes,6.0,52,+42.624,10.0,No,1:31.284,2021,,,
Great Britain,6,55,Carlos Sainz,Ferrari,10.0,52,+43.454,8.0,No,1:31.223,2021,,,
Great Britain,7,14,Fernando Alonso,Alpine Renault,7.0,52,+72.093,6.0,No,1:31.698,2021,,,
Great Britain,8,18,Lance Stroll,Aston Martin Mercedes,14.0,52,+74.289,4.0,No,1:31.992,2021,,,
Great Britain,9,31,Esteban Ocon,Alpine Renault,9.0,52,+76.162,2.0,No,1:32.210,2021,,,
Great Britain,10,22,Yuki Tsunoda,AlphaTauri Honda,,52,+82.065,1.0,No,1:30.826,2021,,,
Great Britain,11,10,Pierre Gasly,AlphaTauri Honda,11.0,52,+85.327,0.0,No,1:30.266,2021,,,
Great Britain,12,63,George Russell,Williams Mercedes,12.0,51,+1 lap,0.0,No,1:32.049,2021,,,
Great Britain,13,99,Antonio Giovinazzi,Alfa Romeo Racing Ferrari,15.0,51,+1 lap,0.0,No,1:32.346,2021,,,
Great Britain,14,6,Nicholas Latifi,Williams Mercedes,17.0,51,+1 lap,0.0,No,1:32.477,2021,,,
Great Britain,15,7,Kimi Raikkönen,Alfa Romeo Racing Ferrari,13.0,51,+1 lap,0.0,No,1:31.895,2021,,,
Great Britain,16,11,Sergio Perez,Red Bull Racing Honda,20.0,51,+1 lap,0.0,No,1:28.617,2021,,,
Great Britain,17,9,Nikita Mazepin,Haas Ferrari,19.0,51,+1 lap,0.0,No,1:32.909,2021,,,
Great Britain,18,47,Mick Schumacher,Haas Ferrari,18.0,51,+1 lap,0.0,No,1:32.862,2021,,,
Great Britain,NC,5,Sebastian Vettel,Aston Martin Mercedes,8.0,40,DNF,0.0,No,1:33.059,2021,,,
Great Britain,NC,33,Max Verstappen,Red Bull Racing Honda,1.0,0,DNF,0.0,No,,2021,,,
Hungary,1,31,Esteban Ocon,Alpine Renault,8.0,70,2:04:43.199,25.0,No,1:21.421,2021,,,
Hungary,DQ,5,Sebastian Vettel,Aston Martin Mercedes,10.0,70,+1.859,0.0,No,1:21.459,2021,,,
Hungary,2,44,Lewis Hamilton,Mercedes,1.0,70,+2.736,18.0,No,1:18.715,2021,,,
Hungary,3,55,Carlos Sainz,Ferrari,15.0,70,+15.018,15.0,No,1:21.423,2021,,,
Hungary,4,14,Fernando Alonso,Alpine Renault,9.0,70,+15.651,12.0,No,1:20.359,2021,,,
Hungary,5,10,Pierre Gasly,AlphaTauri Honda,5.0,70,+63.614,11.0,Yes,1:18.394,2021,,,
Hungary,6,22,Yuki Tsunoda,AlphaTauri Honda,16.0,70,+75.803,8.0,No,1:22.450,2021,,,
Hungary,7,6,Nicholas Latifi,Williams Mercedes,18.0,70,+77.910,6.0,No,1:22.831,2021,,,
Hungary,8,63,George Russell,Williams Mercedes,17.0,70,+79.094,4.0,No,1:22.112,2021,,,
Hungary,9,33,Max Verstappen,Red Bull Racing Honda,3.0,70,+80.244,2.0,No,1:20.945,2021,,,
Hungary,10,7,Kimi Raikkönen,Alfa Romeo Racing Ferrari,13.0,69,+1 lap,1.0,No,1:21.518,2021,,,
Hungary,11,3,Daniel Ricciardo,McLaren Mercedes,11.0,69,+1 lap,0.0,No,1:22.802,2021,,,
Hungary,12,47,Mick Schumacher,Haas Ferrari,20.0,69,+1 lap,0.0,No,1:22.711,2021,,,
Hungary,13,99,Antonio Giovinazzi,Alfa Romeo Racing Ferrari,14.0,69,+1 lap,0.0,No,1:22.736,2021,,,
Hungary,NC,9,Nikita Mazepin,Haas Ferrari,19.0,3,DNF,0.0,No,,2021,,,
Hungary,NC,4,Lando Norris,McLaren Mercedes,6.0,2,DNF,0.0,No,,2021,,,
Hungary,NC,77,Valtteri Bottas,Mercedes,2.0,0,DNF,0.0,No,,2021,,,
Hungary,NC,11,Sergio Perez,Red Bull Racing Honda,4.0,0,DNF,0.0,No,,2021,,,
Hungary,NC,16,Charles Leclerc,Ferrari,7.0,0,DNF,0.0,No,,2021,,,
Hungary,NC,18,Lance Stroll,Aston Martin Mercedes,12.0,0,DNF,0.0,No,,2021,,,
Belgium,1,33,Max Verstappen,Red Bull Racing Honda,1.0,1,0:03:27.071,12.5,No,,2021,,,
Belgium,2,63,George Russell,Williams Mercedes,2.0,1,+1.995,9.0,No,,2021,,,
Belgium,3,44,Lewis Hamilton,Mercedes,3.0,1,+2.601,7.5,No,,2021,,,
Belgium,4,3,Daniel Ricciardo,McLaren Mercedes,4.0,1,+4.496,6.0,No,,2021,,,
Belgium,5,5,Sebastian Vettel,Aston Martin Mercedes,5.0,1,+7.479,5.0,No,,2021,,,
Belgium,6,10,Pierre Gasly,AlphaTauri Honda,6.0,1,+10.177,4.0,No,,2021,,,
Belgium,7,31,Esteban Ocon,Alpine Renault,8.0,1,+11.579,3.0,No,,2021,,,
Belgium,8,16,Charles Leclerc,Ferrari,9.0,1,+12.608,2.0,No,,2021,,,
Belgium,9,6,Nicholas Latifi,Williams Mercedes,10.0,1,+15.484,1.0,No,,2021,,,
Belgium,10,55,Carlos Sainz,Ferrari,11.0,1,+16.166,0.5,No,,2021,,,
Belgium,11,14,Fernando Alonso,Alpine Renault,12.0,1,+20.590,0.0,No,,2021,,,
Belgium,12,77,Valtteri Bottas,Mercedes,13.0,1,+22.414,0.0,No,,2021,,,
Belgium,13,99,Antonio Giovinazzi,Alfa Romeo Racing Ferrari,14.0,1,+24.163,0.0,No,,2021,,,
Belgium,14,4,Lando Norris,McLaren Mercedes,15.0,1,+27.109,0.0,No,,2021,,,
Belgium,15,22,Yuki Tsunoda,AlphaTauri Honda,16.0,1,+28.329,0.0,No,,2021,,,
Belgium,16,47,Mick Schumacher,Haas Ferrari,17.0,1,+29.507,0.0,No,,2021,,,
Belgium,17,9,Nikita Mazepin,Haas Ferrari,18.0,1,+31.993,0.0,No,,2021,,,
Belgium,18,7,Kimi Raikkönen,Alfa Romeo Racing Ferrari,20.0,1,+36.054,0.0,No,,2021,,,
Belgium,19,11,Sergio Perez,Red Bull Racing Honda,7.0,1,+38.205,0.0,No,,2021,,,
Belgium,20,18,Lance Stroll,Aston Martin Mercedes,19.0,1,+44.108,0.0,No,,2021,,,
Netherlands,1,33,Max Verstappen,Red Bull Racing Honda,1.0,72,1:30:05.395,25.0,No,1:13.275,2021,,,
Netherlands,2,44,Lewis Hamilton,Mercedes,2.0,72,+20.932,19.0,Yes,1:11.097,2021,,,
Netherlands,3,77,Valtteri Bottas,Mercedes,3.0,72,+56.460,15.0,No,1:12.549,2021,,,
Netherlands,4,10,Pierre Gasly,AlphaTauri Honda,4.0,71,+1 lap,12.0,No,1:14.818,2021,,,
Netherlands,5,16,Charles Leclerc,Ferrari,5.0,71,+1 lap,10.0,No,1:14.780,2021,,,
Netherlands,6,14,Fernando Alonso,Alpine Renault,9.0,71,+1 lap,8.0,No,1:14.323,2021,,,
Netherlands,7,55,Carlos Sainz,Ferrari,6.0,71,+1 lap,6.0,No,1:15.260,2021,,,
Netherlands,8,11,Sergio Perez,Red Bull Racing Honda,20.0,71,+1 lap,4.0,No,1:13.461,2021,,,
Netherlands,9,31,Esteban Ocon,Alpine Renault,8.0,71,+1 lap,2.0,No,1:14.675,2021,,,
Netherlands,10,4,Lando Norris,McLaren Mercedes,13.0,71,+1 lap,1.0,No,1:14.236,2021,,,
Netherlands,11,3,Daniel Ricciardo,McLaren Mercedes,10.0,71,+1 lap,0.0,No,1:14.920,2021,,,
Netherlands,12,18,Lance Stroll,Aston Martin Mercedes,12.0,70,+2 laps,0.0,No,1:15.611,2021,,,
Netherlands,13,5,Sebastian Vettel,Aston Martin Mercedes,15.0,70,+2 laps,0.0,No,1:13.958,2021,,,
Netherlands,14,99,Antonio Giovinazzi,Alfa Romeo Racing Ferrari,7.0,70,+2 laps,0.0,No,1:15.125,2021,,,
Netherlands,15,88,Robert Kubica,Alfa Romeo Racing Ferrari,16.0,70,+2 laps,0.0,No,1:15.442,2021,,,
Netherlands,16,6,Nicholas Latifi,Williams Mercedes,19.0,70,+2 laps,0.0,No,1:15.790,2021,,,
Netherlands,17,63,George Russell,Williams Mercedes,11.0,69,DNF,0.0,No,1:15.628,2021,,,
Netherlands,18,47,Mick Schumacher,Haas Ferrari,17.0,69,+3 laps,0.0,No,1:15.927,2021,,,
Netherlands,NC,22,Yuki Tsunoda,AlphaTauri Honda,14.0,48,DNF,0.0,No,1:15.783,2021,,,
Netherlands,NC,9,Nikita Mazepin,Haas Ferrari,18.0,41,DNF,0.0,No,1:16.066,2021,,,
Italy,1,3,Daniel Ricciardo,McLaren Mercedes,2.0,53,1:21:54.365,26.0,Yes,1:24.812,2021,,,
Italy,2,4,Lando Norris,McLaren Mercedes,3.0,53,+1.747,18.0,No,1:24.971,2021,,,
Italy,3,77,Valtteri Bottas,Mercedes,19.0,53,+4.921,15.0,No,1:24.872,2021,,,
Italy,4,16,Charles Leclerc,Ferrari,5.0,53,+7.309,12.0,No,1:25.319,2021,,,
Italy,5,11,Sergio Perez,Red Bull Racing Honda,8.0,53,+8.723,10.0,No,1:25.156,2021,,,
Italy,6,55,Carlos Sainz,Ferrari,6.0,53,+10.535,8.0,No,1:25.559,2021,,,
Italy,7,18,Lance Stroll,Aston Martin Mercedes,9.0,53,+15.804,6.0,No,1:25.853,2021,,,
Italy,8,14,Fernando Alonso,Alpine Renault,10.0,53,+17.201,4.0,No,1:25.472,2021,,,
Italy,9,63,George Russell,Williams Mercedes,14.0,53,+19.742,2.0,No,1:25.835,2021,,,
Italy,10,31,Esteban Ocon,Alpine Renault,12.0,53,+20.868,1.0,No,1:25.566,2021,,,
Italy,11,6,Nicholas Latifi,Williams Mercedes,13.0,53,+23.743,0.0,No,1:25.953,2021,,,
Italy,12,5,Sebastian Vettel,Aston Martin Mercedes,11.0,53,+24.601,0.0,No,1:25.938,2021,,,
Italy,13,99,Antonio Giovinazzi,Alfa Romeo Racing Ferrari,7.0,53,+27.216,0.0,No,1:25.718,2021,,,
Italy,14,88,Robert Kubica,Alfa Romeo Racing Ferrari,17.0,53,+29.769,0.0,No,1:25.849,2021,,,
Italy,15,47,Mick Schumacher,Haas Ferrari,18.0,53,+51.088,0.0,No,1:26.707,2021,,,
Italy,NC,9,Nikita Mazepin,Haas Ferrari,16.0,41,DNF,0.0,No,1:27.202,2021,,,
Italy,NC,44,Lewis Hamilton,Mercedes,4.0,25,DNF,0.0,No,1:25.870,2021,,,
Italy,NC,33,Max Verstappen,Red Bull Racing Honda,1.0,25,DNF,0.0,No,1:25.173,2021,,,
Italy,NC,10,Pierre Gasly,AlphaTauri Honda,20.0,3,DNF,0.0,No,1:29.005,2021,,,
Italy,NC,22,Yuki Tsunoda,AlphaTauri Honda,15.0,0,DNS,0.0,No,,2021,,,
Russia,1,44,Lewis Hamilton,Mercedes,4.0,53,1:30:41.001,25.0,No,1:37.575,2021,,,
Russia,2,33,Max Verstappen,Red Bull Racing Honda,20.0,53,+53.271,18.0,No,1:38.396,2021,,,
Russia,3,55,Carlos Sainz,Ferrari,2.0,53,+62.475,15.0,No,1:39.294,2021,,,
Russia,4,3,Daniel Ricciardo,McLaren Mercedes,5.0,53,+65.607,12.0,No,1:39.124,2021,,,
Russia,5,77,Valtteri Bottas,Mercedes,16.0,53,+67.533,10.0,No,1:38.216,2021,,,
Russia,6,14,Fernando Alonso,Alpine Renault,6.0,53,+81.321,8.0,No,1:38.686,2021,,,
Russia,7,4,Lando Norris,McLaren Mercedes,1.0,53,+87.224,7.0,Yes,1:37.423,2021,,,
Russia,8,7,Kimi Raikkönen,Alfa Romeo Racing Ferrari,13.0,53,+88.955,4.0,No,1:40.289,2021,,,
Russia,9,11,Sergio Perez,Red Bull Racing Honda,8.0,53,+90.076,2.0,No,1:39.215,2021,,,
Russia,10,63,George Russell,Williams Mercedes,3.0,53,+100.551,1.0,No,1:40.596,2021,,,
Russia,11,18,Lance Stroll,Aston Martin Mercedes,7.0,53,+116.198,0.0,No,1:40.464,2021,,,
Russia,12,5,Sebastian Vettel,Aston Martin Mercedes,10.0,52,+1 lap,0.0,No,1:39.251,2021,,,
Russia,13,10,Pierre Gasly,AlphaTauri Honda,11.0,52,+1 lap,0.0,No,1:38.279,2021,,,
Russia,14,31,Esteban Ocon,Alpine Renault,9.0,52,+1 lap,0.0,No,1:40.598,2021,,,
Russia,15,16,Charles Leclerc,Ferrari,19.0,52,+1 lap,0.0,No,1:38.994,2021,,,
Russia,16,99,Antonio Giovinazzi,Alfa Romeo Racing Ferrari,17.0,52,+1 lap,0.0,No,1:39.058,2021,,,
Russia,17,22,Yuki Tsunoda,AlphaTauri Honda,12.0,52,+1 lap,0.0,No,1:39.960,2021,,,
Russia,18,9,Nikita Mazepin,Haas Ferrari,15.0,51,+2 laps,0.0,No,1:41.713,2021,,,
Russia,19,6,Nicholas Latifi,Williams Mercedes,18.0,47,DNF,0.0,No,1:40.000,2021,,,
Russia,NC,47,Mick Schumacher,Haas Ferrari,14.0,32,DNF,0.0,No,1:40.276,2021,,,
Turkey,1,77,Valtteri Bottas,Mercedes,1.0,58,1:31:04.103,26.0,Yes,1:30.432,2021,,,
Turkey,2,33,Max Verstappen,Red Bull Racing Honda,2.0,58,+14.584,18.0,No,1:32.759,2021,,,
Turkey,3,11,Sergio Perez,Red Bull Racing Honda,6.0,58,+33.471,15.0,No,1:32.459,2021,,,
Turkey,4,16,Charles Leclerc,Ferrari,3.0,58,+37.814,12.0,No,1:32.737,2021,,,
Turkey,5,44,Lewis Hamilton,Mercedes,11.0,58,+41.812,10.0,No,1:32.763,2021,,,
Turkey,6,10,Pierre Gasly,AlphaTauri Honda,4.0,58,+44.292,8.0,No,1:32.814,2021,,,
Turkey,7,4,Lando Norris,McLaren Mercedes,7.0,58,+47.213,6.0,No,1:32.446,2021,,,
Turkey,8,55,Carlos Sainz,Ferrari,19.0,58,+51.526,4.0,No,1:31.921,2021,,,
Turkey,9,18,Lance Stroll,Aston Martin Mercedes,8.0,58,+82.018,2.0,No,1:32.608,2021,,,
Turkey,10,31,Esteban Ocon,Alpine Renault,12.0,57,+1 lap,1.0,No,1:34.584,2021,,,
Turkey,11,99,Antonio Giovinazzi,Alfa Romeo Racing Ferrari,16.0,57,+1 lap,0.0,No,1:32.904,2021,,,
Turkey,12,7,Kimi Raikkönen,Alfa Romeo Racing Ferrari,17.0,57,+1 lap,0.0,No,1:32.586,2021,,,
Turkey,13,3,Daniel Ricciardo,McLaren Mercedes,20.0,57,+1 lap,0.0,No,1:33.255,2021,,,
Turkey,14,22,Yuki Tsunoda,AlphaTauri Honda,9.0,57,+1 lap,0.0,No,1:32.844,2021,,,
Turkey,15,63,George Russell,Williams Mercedes,13.0,57,+1 lap,0.0,No,1:33.399,2021,,,
Turkey,16,14,Fernando Alonso,Alpine Renault,5.0,57,+1 lap,0.0,No,1:33.252,2021,,,
Turkey,17,6,Nicholas Latifi,Williams Mercedes,15.0,57,+1 lap,0.0,No,1:33.672,2021,,,
Turkey,18,5,Sebastian Vettel,Aston Martin Mercedes,10.0,57,+1 lap,0.0,No,1:32.730,2021,,,
Turkey,19,47,Mick Schumacher,Haas Ferrari,14.0,56,+2 laps,0.0,No,1:34.209,2021,,,
Turkey,20,9,Nikita Mazepin,Haas Ferrari,18.0,56,+2 laps,0.0,No,1:35.438,2021,,,
United States,1,33,Max Verstappen,Red Bull Racing Honda,1.0,56,1:34:36.552,25.0,No,1:39.096,2021,,,
United States,2,44,Lewis Hamilton,Mercedes,2.0,56,+1.333,19.0,Yes,1:38.485,2021,,,
United States,3,11,Sergio Perez,Red Bull Racing Honda,3.0,56,+42.223,15.0,No,1:39.566,2021,,,
United States,4,16,Charles Leclerc,Ferrari,4.0,56,+52.246,12.0,No,1:39.303,2021,,,
United States,5,3,Daniel Ricciardo,McLaren Mercedes,6.0,56,+76.854,10.0,No,1:40.345,2021,,,
United States,6,77,Valtteri Bottas,Mercedes,9.0,56,+80.128,8.0,No,1:40.147,2021,,,
United States,7,55,Carlos Sainz,Ferrari,5.0,56,+83.545,6.0,No,1:40.377,2021,,,
United States,8,4,Lando Norris,McLaren Mercedes,7.0,56,+94.395,4.0,No,1:40.228,2021,,,
United States,9,22,Yuki Tsunoda,AlphaTauri Honda,10.0,55,+1 lap,2.0,No,1:41.151,2021,,,
United States,10,5,Sebastian Vettel,Aston Martin Mercedes,18.0,55,+1 lap,1.0,No,1:41.120,2021,,,
United States,11,99,Antonio Giovinazzi,Alfa Romeo Racing Ferrari,12.0,55,+1 lap,0.0,No,1:41.145,2021,,,
United States,12,18,Lance Stroll,Aston Martin Mercedes,13.0,55,+1 lap,0.0,No,1:41.189,2021,,,
United States,13,7,Kimi Raikkönen,Alfa Romeo Racing Ferrari,15.0,55,+1 lap,0.0,No,1:41.340,2021,,,
United States,14,63,George Russell,Williams Mercedes,20.0,55,+1 lap,0.0,No,1:41.120,2021,,,
United States,15,6,Nicholas Latifi,Williams Mercedes,14.0,55,+1 lap,0.0,No,1:41.818,2021,,,
United States,16,47,Mick Schumacher,Haas Ferrari,16.0,54,+2 laps,0.0,No,1:41.395,2021,,,
United States,17,9,Nikita Mazepin,Haas Ferrari,17.0,54,+2 laps,0.0,No,1:42.886,2021,,,
United States,NC,14,Fernando Alonso,Alpine Renault,19.0,49,DNF,0.0,No,1:40.067,2021,,,
United States,NC,31,Esteban Ocon,Alpine Renault,11.0,40,DNF,0.0,No,1:42.194,2021,,,
United States,NC,10,Pierre Gasly,AlphaTauri Honda,8.0,14,DNF,0.0,No,1:42.015,2021,,,
Mexico,1,33,Max Verstappen,Red Bull Racing Honda,3.0,71,1:38:39.086,25.0,No,1:18.999,2021,,,
Mexico,2,44,Lewis Hamilton,Mercedes,2.0,71,+16.555,18.0,No,1:19.820,2021,,,
Mexico,3,11,Sergio Perez,Red Bull Racing Honda,4.0,71,+17.752,15.0,No,1:19.468,2021,,,
Mexico,4,10,Pierre Gasly,AlphaTauri Honda,5.0,71,+63.845,12.0,No,1:20.510,2021,,,
Mexico,5,16,Charles Leclerc,Ferrari,8.0,71,+81.037,10.0,No,1:20.665,2021,,,
Mexico,6,55,Carlos Sainz,Ferrari,6.0,70,+1 lap,8.0,No,1:20.081,2021,,,
Mexico,7,5,Sebastian Vettel,Aston Martin Mercedes,9.0,70,+1 lap,6.0,No,1:20.460,2021,,,
Mexico,8,7,Kimi Raikkönen,Alfa Romeo Racing Ferrari,10.0,70,+1 lap,4.0,No,1:20.713,2021,,,
Mexico,9,14,Fernando Alonso,Alpine Renault,12.0,70,+1 lap,2.0,No,1:20.711,2021,,,
Mexico,10,4,Lando Norris,McLaren Mercedes,18.0,70,+1 lap,1.0,No,1:20.617,2021,,,
Mexico,11,99,Antonio Giovinazzi,Alfa Romeo Racing Ferrari,11.0,70,+1 lap,0.0,No,1:21.523,2021,,,
Mexico,12,3,Daniel Ricciardo,McLaren Mercedes,7.0,70,+1 lap,0.0,No,1:21.069,2021,,,
Mexico,13,31,Esteban Ocon,Alpine Renault,19.0,70,+1 lap,0.0,No,1:21.348,2021,,,
Mexico,14,18,Lance Stroll,Aston Martin Mercedes,20.0,69,+2 laps,0.0,No,1:20.930,2021,,,
Mexico,15,77,Valtteri Bottas,Mercedes,1.0,69,+2 laps,0.0,No,1:17.774,2021,,,
Mexico,16,63,George Russell,Williams Mercedes,16.0,69,+2 laps,0.0,No,1:22.016,2021,,,
Mexico,17,6,Nicholas Latifi,Williams Mercedes,13.0,69,+2 laps,0.0,No,1:21.546,2021,,,
Mexico,18,9,Nikita Mazepin,Haas Ferrari,15.0,68,+3 laps,0.0,No,1:21.402,2021,,,
Mexico,NC,47,Mick Schumacher,Haas Ferrari,14.0,0,DNF,0.0,No,,2021,,,
Mexico,NC,22,Yuki Tsunoda,AlphaTauri Honda,17.0,0,DNF,0.0,No,,2021,,,
Brazil,1,44,Lewis Hamilton,Mercedes,10.0,71,1:32:22.851,25.0,No,1:11.982,2021,,,
Brazil,2,33,Max Verstappen,Red Bull Racing Honda,2.0,71,+10.496,18.0,No,1:12.486,2021,,,
Brazil,3,77,Valtteri Bottas,Mercedes,1.0,71,+13.576,15.0,No,1:12.526,2021,,,
Brazil,4,11,Sergio Perez,Red Bull Racing Honda,4.0,71,+39.940,13.0,Yes,1:11.010,2021,,,
Brazil,5,16,Charles Leclerc,Ferrari,6.0,71,+49.517,10.0,No,1:12.822,2021,,,
Brazil,6,55,Carlos Sainz,Ferrari,3.0,71,+51.820,8.0,No,1:12.710,2021,,,
Brazil,7,10,Pierre Gasly,AlphaTauri Honda,7.0,70,+1 lap,6.0,No,1:13.227,2021,,,
Brazil,8,31,Esteban Ocon,Alpine Renault,8.0,70,+1 lap,4.0,No,1:14.430,2021,,,
Brazil,9,14,Fernando Alonso,Alpine Renault,12.0,70,+1 lap,2.0,No,1:13.922,2021,,,
Brazil,10,4,Lando Norris,McLaren Mercedes,5.0,70,+1 lap,1.0,No,1:13.761,2021,,,
Brazil,11,5,Sebastian Vettel,Aston Martin Mercedes,9.0,70,+1 lap,0.0,No,1:13.634,2021,,,
Brazil,12,7,Kimi Raikkönen,Alfa Romeo Racing Ferrari,20.0,70,+1 lap,0.0,No,1:12.621,2021,,,
Brazil,13,63,George Russell,Williams Mercedes,17.0,70,+1 lap,0.0,No,1:14.355,2021,,,
Brazil,14,99,Antonio Giovinazzi,Alfa Romeo Racing Ferrari,13.0,70,+1 lap,0.0,No,1:14.227,2021,,,
Brazil,15,22,Yuki Tsunoda,AlphaTauri Honda,15.0,70,+1 lap,0.0,No,1:14.204,2021,,,
Brazil,16,6,Nicholas Latifi,Williams Mercedes,16.0,70,+1 lap,0.0,No,1:14.616,2021,,,
Brazil,17,9,Nikita Mazepin,Haas Ferrari,19.0,69,+2 laps,0.0,No,1:14.954,2021,,,
Brazil,18,47,Mick Schumacher,Haas Ferrari,18.0,69,+2 laps,0.0,No,1:13.793,2021,,,
Brazil,NC,3,Daniel Ricciardo,McLaren Mercedes,11.0,49,DNF,0.0,No,1:14.443,2021,,,
Brazil,NC,18,Lance Stroll,Aston Martin Mercedes,14.0,47,DNF,0.0,No,1:15.344,2021,,,
Qatar,1,44,Lewis Hamilton,Mercedes,1.0,57,1:24:28.471,25.0,No,1:25.084,2021,,,
Qatar,2,33,Max Verstappen,Red Bull Racing Honda,7.0,57,+25.743,19.0,Yes,1:23.196,2021,,,
Qatar,3,14,Fernando Alonso,Alpine Renault,3.0,57,+59.457,15.0,No,1:26.682,2021,,,
Qatar,4,11,Sergio Perez,Red Bull Racing Honda,11.0,57,+62.306,12.0,No,1:25.613,2021,,,
Qatar,5,31,Esteban Ocon,Alpine Renault,9.0,57,+80.570,10.0,No,1:27.061,2021,,,
Qatar,6,18,Lance Stroll,Aston Martin Mercedes,12.0,57,+81.274,8.0,No,1:27.356,2021,,,
Qatar,7,55,Carlos Sainz,Ferrari,5.0,57,+81.911,6.0,No,1:26.570,2021,,,
Qatar,8,16,Charles Leclerc,Ferrari,13.0,57,+83.126,4.0,No,1:26.555,2021,,,
Qatar,9,4,Lando Norris,McLaren Mercedes,4.0,56,+1 lap,2.0,No,1:25.746,2021,,,
Qatar,10,5,Sebastian Vettel,Aston Martin Mercedes,10.0,56,+1 lap,1.0,No,1:26.434,2021,,,
Qatar,11,10,Pierre Gasly,AlphaTauri Honda,2.0,56,+1 lap,0.0,No,1:27.019,2021,,,
Qatar,12,3,Daniel Ricciardo,McLaren Mercedes,14.0,56,+1 lap,0.0,No,1:27.198,2021,,,
Qatar,13,22,Yuki Tsunoda,AlphaTauri Honda,8.0,56,+1 lap,0.0,No,1:27.043,2021,,,
Qatar,14,7,Kimi Raikkönen,Alfa Romeo Racing Ferrari,16.0,56,+1 lap,0.0,No,1:26.358,2021,,,
Qatar,15,99,Antonio Giovinazzi,Alfa Romeo Racing Ferrari,18.0,56,+1 lap,0.0,No,1:27.823,2021,,,
Qatar,16,47,Mick Schumacher,Haas Ferrari,19.0,56,+1 lap,0.0,No,1:28.412,2021,,,
Qatar,17,63,George Russell,Williams Mercedes,15.0,55,+2 laps,0.0,No,1:25.768,2021,,,
Qatar,18,9,Nikita Mazepin,Haas Ferrari,20.0,55,+2 laps,0.0,No,1:27.340,2021,,,
Qatar,NC,6,Nicholas Latifi,Williams Mercedes,17.0,50,DNF,0.0,No,1:28.732,2021,,,
Qatar,NC,77,Valtteri Bottas,Mercedes,6.0,48,DNF,0.0,No,1:27.246,2021,,,
Saudi Arabia,1,44,Lewis Hamilton,Mercedes,1.0,50,2:06:15.118,26.0,Yes,1:30.734,2021,,,
Saudi Arabia,2,33,Max Verstappen,Red Bull Racing Honda,3.0,50,+21.825,18.0,No,1:31.488,2021,,,
Saudi Arabia,3,77,Valtteri Bottas,Mercedes,2.0,50,+27.531,15.0,No,1:31.408,2021,,,
Saudi Arabia,4,31,Esteban Ocon,Alpine Renault,9.0,50,+27.633,12.0,No,1:31.797,2021,,,
Saudi Arabia,5,3,Daniel Ricciardo,McLaren Mercedes,11.0,50,+40.121,10.0,No,1:32.716,2021,,,
Saudi Arabia,6,10,Pierre Gasly,AlphaTauri Honda,6.0,50,+41.613,8.0,No,1:32.297,2021,,,
Saudi Arabia,7,16,Charles Leclerc,Ferrari,4.0,50,+44.475,6.0,No,1:31.601,2021,,,
Saudi Arabia,8,55,Carlos Sainz,Ferrari,15.0,50,+46.606,4.0,No,1:31.851,2021,,,
Saudi Arabia,9,99,Antonio Giovinazzi,Alfa Romeo Racing Ferrari,10.0,50,+58.505,2.0,No,1:32.865,2021,,,
Saudi Arabia,10,4,Lando Norris,McLaren Mercedes,7.0,50,+61.358,1.0,No,1:31.914,2021,,,
Saudi Arabia,11,18,Lance Stroll,Aston Martin Mercedes,18.0,50,+77.212,0.0,No,1:32.804,2021,,,
Saudi Arabia,12,6,Nicholas Latifi,Williams Mercedes,16.0,50,+83.249,0.0,No,1:32.751,2021,,,
Saudi Arabia,13,14,Fernando Alonso,Alpine Renault,13.0,49,+1 lap,0.0,No,1:31.633,2021,,,
Saudi Arabia,14,22,Yuki Tsunoda,AlphaTauri Honda,8.0,49,+1 lap,0.0,No,1:32.506,2021,,,
Saudi Arabia,15,7,Kimi Raikkönen,Alfa Romeo Racing Ferrari,12.0,49,+1 lap,0.0,No,1:32.778,2021,,,
Saudi Arabia,NC,5,Sebastian Vettel,Aston Martin Mercedes,17.0,44,DNF,0.0,No,1:34.030,2021,,,
Saudi Arabia,NC,11,Sergio Perez,Red Bull Racing Honda,5.0,14,DNF,0.0,No,1:34.138,2021,,,
Saudi Arabia,NC,9,Nikita Mazepin,Haas Ferrari,20.0,14,DNF,0.0,No,1:37.043,2021,,,
Saudi Arabia,NC,63,George Russell,Williams Mercedes,14.0,14,DNF,0.0,No,1:36.130,2021,,,
Saudi Arabia,NC,47,Mick Schumacher,Haas Ferrari,19.0,8,DNF,0.0,No,1:36.043,2021,,,
Abu Dhabi,1,33,Max Verstappen,Red Bull Racing Honda,1.0,58,1:30:17.345,26.0,Yes,1:26.103,2021,,,
Abu Dhabi,2,44,Lewis Hamilton,Mercedes,2.0,58,+2.256,18.0,No,1:26.615,2021,,,
Abu Dhabi,3,55,Carlos Sainz,Ferrari,5.0,58,+5.173,15.0,No,1:27.618,2021,,,
Abu Dhabi,4,22,Yuki Tsunoda,AlphaTauri Honda,8.0,58,+5.692,12.0,No,1:27.496,2021,,,
Abu Dhabi,5,10,Pierre Gasly,AlphaTauri Honda,12.0,58,+6.531,10.0,No,1:27.342,2021,,,
Abu Dhabi,6,77,Valtteri Bottas,Mercedes,6.0,58,+7.463,8.0,No,1:26.862,2021,,,
Abu Dhabi,7,4,Lando Norris,McLaren Mercedes,3.0,58,+59.200,6.0,No,1:26.762,2021,,,
Abu Dhabi,8,14,Fernando Alonso,Alpine Renault,11.0,58,+61.708,4.0,No,1:27.607,2021,,,
Abu Dhabi,9,31,Esteban Ocon,Alpine Renault,9.0,58,+64.026,2.0,No,1:28.249,2021,,,
Abu Dhabi,10,16,Charles Leclerc,Ferrari,7.0,58,+66.057,1.0,No,1:28.433,2021,,,
Abu Dhabi,11,5,Sebastian Vettel,Aston Martin Mercedes,15.0,58,+67.527,0.0,No,1:28.303,2021,,,
Abu Dhabi,12,3,Daniel Ricciardo,McLaren Mercedes,10.0,57,+1 lap,0.0,No,1:28.723,2021,,,
Abu Dhabi,13,18,Lance Stroll,Aston Martin Mercedes,13.0,57,+1 lap,0.0,No,1:28.567,2021,,,
Abu Dhabi,14,47,Mick Schumacher,Haas Ferrari,19.0,57,+1 lap,0.0,No,1:29.457,2021,,,
Abu Dhabi,15,11,Sergio Perez,Red Bull Racing Honda,4.0,55,DNF,0.0,No,1:26.419,2021,,,
Abu Dhabi,NC,6,Nicholas Latifi,Williams Mercedes,16.0,50,DNF,0.0,No,1:29.293,2021,,,
Abu Dhabi,NC,99,Antonio Giovinazzi,Alfa Romeo Racing Ferrari,14.0,33,DNF,0.0,No,1:29.442,2021,,,
Abu Dhabi,NC,63,George Russell,Williams Mercedes,17.0,26,DNF,0.0,No,1:30.647,2021,,,
Abu Dhabi,NC,7,Kimi Raikkönen,Alfa Romeo Racing Ferrari,18.0,25,DNF,0.0,No,1:29.698,2021,,,
Abu Dhabi,NC,9,Nikita Mazepin,Haas Ferrari,20.0,0,DNS,0.0,No,,2021,,,
